arquivo,url,bytes,sha512,conferido_com,baixado_em
ibge/malhas/municipios.geojson,https://servicodados.ibge.gov.br/api/v3/malhas/paises/BR?formato=application/vnd.geo%2Bjson&qualidade=intermediaria&intrarregiao=municipio,12307459,687739ba93261d29cbb657d255a85db25857a38f861fa56053ae37562f9d4ddf5752e749caafb00542111c1444c0e3a58de5d9b7fefdb337279409a399fe66d5,json válido,2026-10-05T01:08:55
ibge/malhas/municipios.topojson,https://servicodados.ibge.gov.br/api/v3/malhas/paises/BR?formato=application/json&qualidade=intermediaria&intrarregiao=municipio,3317032,3a3df1d8bb7fb38086fc4c3548e858048a63756abf5831224a77e2cf45178d76f842d5fde6973a67df78dadb36a9540a0f0ce43f5e5566b7c42c22c67ecfad5a,json válido,2026-10-05T19:19:08
ibge/malhas/regioes.geojson,https://servicodados.ibge.gov.br/api/v3/malhas/paises/BR?formato=application/vnd.geo%2Bjson&qualidade=intermediaria&intrarregiao=regiao,46296,acfa02e7a2e9995a29634e9f8b233ece039b0eeb714e3a519b9950a058f943fc1f874bcf05ed6d4e24a21f9a1f0fe64f16d6af436b13e9176a86db39b2309bd5,json válido,2026-10-05T01:08:55
ibge/malhas/ufs.geojson,https://servicodados.ibge.gov.br/api/v3/malhas/paises/BR?formato=application/vnd.geo%2Bjson&qualidade=intermediaria&intrarregiao=UF,251135,c22d905d4772227f8e1a8688ca0baeb3f370391f54f77c79245e64fd0c0210d3c398d16f6e6a7b9bf92d89588f749a9c7c4ed20aa4507138818ae616c99c6cff,json válido,2026-10-05T01:08:55
ibge/municipios.json,https://servicodados.ibge.gov.br/api/v1/localidades/municipios,2470036,6a15e931da326d60ebc653d08269f97be9371815c644d631bd40ce5d9d5b188bd0e33e68575a5c7d4d2b1c8b06a8c3a02f84f46030d5585d4cce6e5e25bebceb,json válido,2026-10-05T01:08:56
tse/boletins_urna/2018/BWEB_1t_AC_101020181938.zip,https://cdn.tse.jus.br/estatistica/sead/eleicoes/eleicoes2018/buweb/BWEB_1t_AC_101020181938.zip,5783370,a829299f41216ea731ef650aa5f8ad350176c95c34ecb977a584541dd72df20844b27d1c574bf274713266c07ac7285ab97298fa0e7dfe67d03a1c5bd80354bc,sha512 do TSE,2026-10-05T01:06:55
tse/boletins_urna/2018/BWEB_1t_AL_101020181938.zip,https://cdn.tse.jus.br/estatistica/sead/eleicoes/eleicoes2018/buweb/BWEB_1t_AL_101020181938.zip,14745786,75dff29e1d71784e242b16365364b8db566efce055f9dc2909da419d68962628a3c1f1149a46ffda0ed2baf5a55c836c28da397572518cfcd93043eac8070094,sha512 do TSE,2026-10-05T01:06:55
tse/boletins_urna/2018/BWEB_1t_AM_101020181938.zip,https://cdn.tse.jus.br/estatistica/sead/eleicoes/eleicoes2018/buweb/BWEB_1t_AM_101020181938.zip,22128366,75ff12dfa51745085c5e1dad982f5dad0cb2d2bafc83265fb23a2348e1985e16b1a88a6fe6b288ec967d43e32859a5bb4bbc46a2ba47af7f5d6bd1a32d639003,sha512 do TSE,2026-10-05T01:06:55
tse/boletins_urna/2018/BWEB_1t_AP_101020181938.zip,https://cdn.tse.jus.br/estatistica/sead/eleicoes/eleicoes2018/buweb/BWEB_1t_AP_101020181938.zip,6634284,ae84c46857dff707786354a9cd68c574ffe2ace4c2c1826e897db205f0eda4f5e46b42c00f7190ad1117d45230e14522a595a5835de400b1bd270f596bd3bc75,sha512 do TSE,2026-10-05T01:06:55
tse/boletins_urna/2018/BWEB_1t_BA_101020181938.zip,https://cdn.tse.jus.br/estatistica/sead/eleicoes/eleicoes2018/buweb/BWEB_1t_BA_101020181938.zip,76266045,0fd2faee95f8cbf42e6357d794ddf4cff41adae1fdca9691d3d01e4369769484408218a0cc32ecdb84ef424479845f0f1e201274f999ce82a3719af566bad0ed,sha512 do TSE,2026-10-05T01:06:59
tse/boletins_urna/2018/BWEB_1t_CE_101020181938.zip,https://cdn.tse.jus.br/estatistica/sead/eleicoes/eleicoes2018/buweb/BWEB_1t_CE_101020181938.zip,49167907,87da2d7abf997a5f3c364b7c190583c9268d49d1343685850782d6dc34f5e5abc1a6f754ff2d87b06a4bc5169bd5a267fb9822563ed607038a3da6b27f329b4e,sha512 do TSE,2026-10-05T01:06:58
tse/boletins_urna/2018/BWEB_1t_DF_101020181938.zip,https://cdn.tse.jus.br/estatistica/sead/eleicoes/eleicoes2018/buweb/BWEB_1t_DF_101020181938.zip,30528551,9351fb81bf3a470526bc8b674d0aa9bbe9f56ec9dc11fb2c0bdc35da7ada6e5e84a6f65511ee380098ec60a2959951340458f81ceaf7b75688a3c31805948d81,sha512 do TSE,2026-10-05T01:06:58
tse/boletins_urna/2018/BWEB_1t_ES_101020181938.zip,https://cdn.tse.jus.br/estatistica/sead/eleicoes/eleicoes2018/buweb/BWEB_1t_ES_101020181938.zip,25154899,eda67f26560333cc8917e0024265f7a7769d88cec0395ea925f61bccb948866360a3c47e412fae927d9b0ec05dd784dd506dc7db5994ad9144c37e59028473e7,sha512 do TSE,2026-10-05T01:06:59
tse/boletins_urna/2018/BWEB_1t_GO_101020181938.zip,https://cdn.tse.jus.br/estatistica/sead/eleicoes/eleicoes2018/buweb/BWEB_1t_GO_101020181938.zip,40424506,7dd02b03c2db43e5bcf43c5910fa055cc6573ab4848938707e67350cc0e17629f8beeb2bc4656da86de99ed7dc5c4add21308c3d2945f651fff015b28c1a6961,sha512 do TSE,2026-10-05T01:07:01
tse/boletins_urna/2018/BWEB_1t_MA_101020181938.zip,https://cdn.tse.jus.br/estatistica/sead/eleicoes/eleicoes2018/buweb/BWEB_1t_MA_101020181938.zip,34172768,8ebd1719a666bab74212d928f880e14ec0f7bde1b35319d4c8a608d8bc1c219d1c97e407fc38da3d4cf2e66f7773f1fbcc8d5e3fa945618c1c259d548ee2a3c7,sha512 do TSE,2026-10-05T01:07:00
tse/boletins_urna/2018/BWEB_1t_MG_101020181938.zip,https://cdn.tse.jus.br/estatistica/sead/eleicoes/eleicoes2018/buweb/BWEB_1t_MG_101020181938.zip,145883137,afdac681b4f4a4ea947547967509db0ee098f12de265a34884c0a8b1e9c4470ab1f908c54470fc1361564d9dfa7403a61cc20b0b3fca6aa3015857983f796c9e,sha512 do TSE,2026-10-05T01:07:08
tse/boletins_urna/2018/BWEB_1t_MS_101020181938.zip,https://cdn.tse.jus.br/estatistica/sead/eleicoes/eleicoes2018/buweb/BWEB_1t_MS_101020181938.zip,16947370,c7f98be76586c8a311541272bd50d4fa9108281c63a4ece7d199da4cd483eb1a81b9ef27e74e8beb5a47c577d868693b4049e8708e9a9b107d91d1f885caa8bf,sha512 do TSE,2026-10-05T01:07:01
tse/boletins_urna/2018/BWEB_1t_MT_101020181938.zip,https://cdn.tse.jus.br/estatistica/sead/eleicoes/eleicoes2018/buweb/BWEB_1t_MT_101020181938.zip,19064877,fa126af7cf99a7d038e6ed3c69d84ffe7f9282ac1a3b7962496baeb6e2e6107ea26a005c27a302119f6d9dc0e2166eb1694e3d7bb0c7d2fd26f54171a177eccf,sha512 do TSE,2026-10-05T01:07:01
tse/boletins_urna/2018/BWEB_1t_PA_101020181938.zip,https://cdn.tse.jus.br/estatistica/sead/eleicoes/eleicoes2018/buweb/BWEB_1t_PA_101020181938.zip,43220151,523b1c4d84c94bd41a5c1c557dd8db471e385759642d02dd5461f056cf6072f7b191efb33a2874465fd137b384f262562d48405d4fe4615c549dfc10808b1442,sha512 do TSE,2026-10-05T01:07:04
tse/boletins_urna/2018/BWEB_1t_PB_101020181938.zip,https://cdn.tse.jus.br/estatistica/sead/eleicoes/eleicoes2018/buweb/BWEB_1t_PB_101020181938.zip,20888768,c0aa6d6425e3a943e56c00fba00b455f19799da93d65757bf277286def51d855b8fdc479cd46e7e42dd25b343314319a7f8834600c0f9530b0d3b266cf828be6,sha512 do TSE,2026-10-05T01:07:03
tse/boletins_urna/2018/BWEB_1t_PE_101020181938.zip,https://cdn.tse.jus.br/estatistica/sead/eleicoes/eleicoes2018/buweb/BWEB_1t_PE_101020181938.zip,51811550,9a5ec987de3c4b5968575e00f1e6da04ecd5022e52b5f693565fc742b9efbfd03116dad51a6d8fdf0889542b96b761fb8818d39bca2cdea6edf0f87499ea5191,sha512 do TSE,2026-10-05T01:07:06
tse/boletins_urna/2018/BWEB_1t_PI_101020181938.zip,https://cdn.tse.jus.br/estatistica/sead/eleicoes/eleicoes2018/buweb/BWEB_1t_PI_101020181938.zip,18077138,6765dbceee4a4894ab66a6e07d6841d0584d03310a071e2fda37eae2984788d1817716f0a35d39e3d5b7cc718f1b2cbb69ad57157308e2200d373af310399cf1,sha512 do TSE,2026-10-05T01:07:04
tse/boletins_urna/2018/BWEB_1t_PR_101020181938.zip,https://cdn.tse.jus.br/estatistica/sead/eleicoes/eleicoes2018/buweb/BWEB_1t_PR_101020181938.zip,74882383,d0ac0354f933ce7bc8ca5d4270362e1f090f8c10a8393021408d415facf593ee9c11dec1cf26060e84f553727a6d895fd6779f22f6534cc0390c9de76d938fa2,sha512 do TSE,2026-10-05T01:07:07
tse/boletins_urna/2018/BWEB_1t_RJ_101020181938.zip,https://cdn.tse.jus.br/estatistica/sead/eleicoes/eleicoes2018/buweb/BWEB_1t_RJ_101020181938.zip,150529105,b13f0a08f307058c69101f59402fd90e91f9ce57417bb45407683dd428106f118ee2bab10589f63c9aa61f740a622b4408b5264cafe971efd7f36b400f795c01,sha512 do TSE,2026-10-05T01:07:14
tse/boletins_urna/2018/BWEB_1t_RN_101020181938.zip,https://cdn.tse.jus.br/estatistica/sead/eleicoes/eleicoes2018/buweb/BWEB_1t_RN_101020181938.zip,18367850,b0ac848e9e148253ee7435a46c9f64007f00c714c414a0fe8d162ae7feb023e0f7b6ac1da6186a32e0a087a5553ad0a7dca0f501a35dcb9d5984084963801ec6,sha512 do TSE,2026-10-05T01:07:08
tse/boletins_urna/2018/BWEB_1t_RO_101020181938.zip,https://cdn.tse.jus.br/estatistica/sead/eleicoes/eleicoes2018/buweb/BWEB_1t_RO_101020181938.zip,11585609,4bd1695e8c4424dda68da666e9a5aa4a131d3ca67992c25dcb83a1bad289605122f31b0a7f086d59494f408cddbc50239ff2fafd2a6e789cfb454cf5984da8d2,sha512 do TSE,2026-10-05T01:07:08
tse/boletins_urna/2018/BWEB_1t_RR_101020181938.zip,https://cdn.tse.jus.br/estatistica/sead/eleicoes/eleicoes2018/buweb/BWEB_1t_RR_101020181938.zip,4751642,5b1d49ca4abcf6da32924bc0c0da29efc6b85118563f6b1067728501ed4e2ff3232ed4a46f208cc200aa8eb7598f29c6b051c95ec0627f28a76415dc00871bf3,sha512 do TSE,2026-10-05T01:07:09
tse/boletins_urna/2018/BWEB_1t_RS_101020181938.zip,https://cdn.tse.jus.br/estatistica/sead/eleicoes/eleicoes2018/buweb/BWEB_1t_RS_101020181938.zip,82168182,d94ccb49f10205b5031b3af019051c0705dd55ea19179e77a12536f4d48488638ba3187f1ab9f49ed3d4a37f2dbc78a7c7b239bbdbf4a1b58cb4352e153ec62e,sha512 do TSE,2026-10-05T01:07:13
tse/boletins_urna/2018/BWEB_1t_SC_101020181938.zip,https://cdn.tse.jus.br/estatistica/sead/eleicoes/eleicoes2018/buweb/BWEB_1t_SC_101020181938.zip,42687517,d27d7f76893a93f802881139df8456b50199d174199a26f9d41c678efb29c282c700bc4be9f5017214c4459ac024ad8cc9b6ce703d72fb88dec2267b7cef2c72,sha512 do TSE,2026-10-05T01:07:13
tse/boletins_urna/2018/BWEB_1t_SE_101020181938.zip,https://cdn.tse.jus.br/estatistica/sead/eleicoes/eleicoes2018/buweb/BWEB_1t_SE_101020181938.zip,13261589,eb0ee69e92bf04e8bd25534fc2ff9be482ccd99a5b9c1ea485b61fb6084739fda2047b91bf917baa0f9fc15ddd6bd13af6ae6c2bc56c379da6e47c6be527b30a,sha512 do TSE,2026-10-05T01:07:11
tse/boletins_urna/2018/BWEB_1t_SP_101020181938.zip,https://cdn.tse.jus.br/estatistica/sead/eleicoes/eleicoes2018/buweb/BWEB_1t_SP_101020181938.zip,370286807,69709c7d9a7deaa6b73cc78c3741f9ecb2cb89547529e8fa22d7eb3f330265dcb025d95f22845fd909f3d8e9b6e383fa0562c253f7d4f4ac3a11a5015149ae0a,sha512 do TSE,2026-10-05T01:07:24
tse/boletins_urna/2018/BWEB_1t_TO_101020181938.zip,https://cdn.tse.jus.br/estatistica/sead/eleicoes/eleicoes2018/buweb/BWEB_1t_TO_101020181938.zip,8081926,b794b19342e8bc623e54e73bbc0f0bf211e394a0edb1295cbc1329cb388332653130182bdfefc3cd6caa4751f45710e5fae2f36b8d71d1f5172dfa74aa802326,sha512 do TSE,2026-10-05T01:07:14
tse/boletins_urna/2018/BWEB_1t_ZZ_111020181508.zip,https://cdn.tse.jus.br/estatistica/sead/eleicoes/eleicoes2018/buweb/BWEB_1t_ZZ_111020181508.zip,442785,82cc4b041ca1158f81ad440925656ba7c9b565b4c2a972103f6e55704c1daa6fc47129fa2a666017265558ab0eaeddfe0fa0a2f6094a58a9b677629841ed0d58,sha512 do TSE,2026-10-05T01:07:14
tse/boletins_urna/2018/BWEB_2t_AC_301020181744.zip,https://cdn.tse.jus.br/estatistica/sead/eleicoes/eleicoes2018/buweb/BWEB_2t_AC_301020181744.zip,477427,64a634b800d316d0b4206ada61c9335b62dcd63a23993761745d82d2420a7234d9baf29d71c4844d04f4591e21d37d1af47fa257de5638986a600b68b730b83f,sha512 do TSE,2026-10-05T01:06:54
tse/boletins_urna/2018/BWEB_2t_AL_301020181744.zip,https://cdn.tse.jus.br/estatistica/sead/eleicoes/eleicoes2018/buweb/BWEB_2t_AL_301020181744.zip,877133,dba6e6fd9f180d956704abad7ffc4893755677080321eb78f5ba1dc58eb16b3e2d1a0614e44a24a14ee646a4d62c96864f7fa0d2ee32095108e29248d8a58d47,sha512 do TSE,2026-10-05T01:06:54
tse/boletins_urna/2018/BWEB_2t_AM_301020181744.zip,https://cdn.tse.jus.br/estatistica/sead/eleicoes/eleicoes2018/buweb/BWEB_2t_AM_301020181744.zip,1559466,17cd63473a06d5ff85406655f63e8b880443f671d77011950bb5477f217d5662bca0861d975acbc42047b6c68ac0856d597f6c59cf1f9ab2e8089ed5050892d5,sha512 do TSE,2026-10-05T01:06:55
tse/boletins_urna/2018/BWEB_2t_AP_301020181744.zip,https://cdn.tse.jus.br/estatistica/sead/eleicoes/eleicoes2018/buweb/BWEB_2t_AP_301020181744.zip,605450,06980c26658bd7a4cc338a615499eac405dbae57211822ed73c2d0cf481956918c4baa83cc281819078f7276ac5c9c84a4ccd40027aa47a64de923f1378cb2b2,sha512 do TSE,2026-10-05T01:06:55
tse/boletins_urna/2018/BWEB_2t_BA_301020181744.zip,https://cdn.tse.jus.br/estatistica/sead/eleicoes/eleicoes2018/buweb/BWEB_2t_BA_301020181744.zip,3117790,0656d8b2f7c10eba1a801b0a9da105cf46aa00941ea67ed22e56239d066e2e45c5037b518e24a76f47f83db9ab71d7ba8e569c133d33e2df1d03daeb44975e7a,sha512 do TSE,2026-10-05T01:06:56
tse/boletins_urna/2018/BWEB_2t_CE_301020181744.zip,https://cdn.tse.jus.br/estatistica/sead/eleicoes/eleicoes2018/buweb/BWEB_2t_CE_301020181744.zip,2251510,e021386fcdb705288f84fb0cc68b56b14df7e88af504311c34b28ca1486ccdb1d6525ea675c2d28acc75f1db304cd86d50a3d6746feb340fe2a993408df07954,sha512 do TSE,2026-10-05T01:06:56
tse/boletins_urna/2018/BWEB_2t_DF_301020181744.zip,https://cdn.tse.jus.br/estatistica/sead/eleicoes/eleicoes2018/buweb/BWEB_2t_DF_301020181744.zip,1524675,b7ddd75a4a55fb9db15cd6c51449efad603761c5b27408503d92c218a8ad9796915c98518bf5905043ac4fb32ca724c60e157965453fcbb4069293692f6c0330,sha512 do TSE,2026-10-05T01:06:57
tse/boletins_urna/2018/BWEB_2t_ES_301020181744.zip,https://cdn.tse.jus.br/estatistica/sead/eleicoes/eleicoes2018/buweb/BWEB_2t_ES_301020181744.zip,1088824,64c6d91338bbb4cfa34624c3d8f6b1cec15177f6373e80bbc4e465aa17c0a46fcd785d044543d34f92b57ba61f0a8211b8b98516d0c85c63889f52f1a2fefe92,sha512 do TSE,2026-10-05T01:06:58
tse/boletins_urna/2018/BWEB_2t_GO_301020181744.zip,https://cdn.tse.jus.br/estatistica/sead/eleicoes/eleicoes2018/buweb/BWEB_2t_GO_301020181744.zip,1569917,d04dc71abca5c487f7d91f8e5b13a31f839ed9f7a3e274b0a7fc5c30d21b260e8621be13fae94134e8d094bddaf61c35a82b4290a14e95a5b56c8655333e8905,sha512 do TSE,2026-10-05T01:06:59
tse/boletins_urna/2018/BWEB_2t_MA_301020181744.zip,https://cdn.tse.jus.br/estatistica/sead/eleicoes/eleicoes2018/buweb/BWEB_2t_MA_301020181744.zip,1725548,da31a30bf0b7905382e0145c19504f3c65e4804b6bb43a676a6ab8593a8a89a17175aa0ffdd1fe8812e7b9e79093fd6bb1ad11ba0661c997981feb2e3b2354d4,sha512 do TSE,2026-10-05T01:07:00
tse/boletins_urna/2018/BWEB_2t_MG_301020181744.zip,https://cdn.tse.jus.br/estatistica/sead/eleicoes/eleicoes2018/buweb/BWEB_2t_MG_301020181744.zip,8926694,8c872ca8f62a33ca9058999e3880ff6b2be611b69ad6376229a7dc0fa1e1b5256563d8b571f59864053a9acfc0bfc2a4f3f079216af1e700784537866900bcd7,sha512 do TSE,2026-10-05T01:07:00
tse/boletins_urna/2018/BWEB_2t_MS_301020181744.zip,https://cdn.tse.jus.br/estatistica/sead/eleicoes/eleicoes2018/buweb/BWEB_2t_MS_301020181744.zip,1471088,146b623124aee5b9d9fb98f594065f71ef889741c7084c77d0b6f5e6f3c9ce97c63a6a10a8f1a6c43a07e524971f1ebc771d798739af21089dc2f6e9d4243488,sha512 do TSE,2026-10-05T01:07:01
tse/boletins_urna/2018/BWEB_2t_MT_301020181744.zip,https://cdn.tse.jus.br/estatistica/sead/eleicoes/eleicoes2018/buweb/BWEB_2t_MT_301020181744.zip,949104,306a52fa9b09a856c397b1f54d42d2f15bf7f83f85f059bd6963b177819fc95685d4310144fb8908ac877adb0baa99ecdf57f0b1f06da02bfaf39331d8e7aad4,sha512 do TSE,2026-10-05T01:07:01
tse/boletins_urna/2018/BWEB_2t_PA_301020181744.zip,https://cdn.tse.jus.br/estatistica/sead/eleicoes/eleicoes2018/buweb/BWEB_2t_PA_301020181744.zip,3367242,289bd445661bf14f05ce159431cb5cd6f10f0a20ea6c8532cf081420535409d66c17ae2f2c2fe7c6e56f1444abbcbbeac0ee39053ed66d82bc47667089208433,sha512 do TSE,2026-10-05T01:07:02
tse/boletins_urna/2018/BWEB_2t_PB_301020181744.zip,https://cdn.tse.jus.br/estatistica/sead/eleicoes/eleicoes2018/buweb/BWEB_2t_PB_301020181744.zip,1199622,60dad5862322d0df8422baacee4981c8dab43e0240f58cca3f4567f56a3d26d9ebb599aa1501327cfb602833aab723a34eb7019e4ad7600ac035dc4d3e83f978,sha512 do TSE,2026-10-05T01:07:02
tse/boletins_urna/2018/BWEB_2t_PE_301020181744.zip,https://cdn.tse.jus.br/estatistica/sead/eleicoes/eleicoes2018/buweb/BWEB_2t_PE_301020181744.zip,2074761,a0a37b054c4f880ac01d91b00f55b88e46b0240a21e99f982cd9cd4b4381ff5894d475ab7ebb2ef6726808c2235de0d55bf2695c95fa20a6f26a05371b0ef48b,sha512 do TSE,2026-10-05T01:07:03
tse/boletins_urna/2018/BWEB_2t_PI_301020181744.zip,https://cdn.tse.jus.br/estatistica/sead/eleicoes/eleicoes2018/buweb/BWEB_2t_PI_301020181744.zip,1108347,5bf5028c310c22c5506143a89b03508e292299139a969489b16798fae23c99ff72d2ec7ec0dbc0a229615ecb9a33971f24ac7660e3a8e02f4beb01896209e4d4,sha512 do TSE,2026-10-05T01:07:04
tse/boletins_urna/2018/BWEB_2t_PR_301020181744.zip,https://cdn.tse.jus.br/estatistica/sead/eleicoes/eleicoes2018/buweb/BWEB_2t_PR_301020181744.zip,2652967,1e62c174563d0352b685ed2acd95ed64ff5a893336d65a03caa8f56163f7ec02b56a93838de1ea0a49c5fd5a56cf299fe953c408c12c3ca60514d6907ba09854,sha512 do TSE,2026-10-05T01:07:05
tse/boletins_urna/2018/BWEB_2t_RJ_301020181744.zip,https://cdn.tse.jus.br/estatistica/sead/eleicoes/eleicoes2018/buweb/BWEB_2t_RJ_301020181744.zip,6488942,2073bfc21daa944f0354743dfd94649747a9d24f8f31010c435b90eced125226a92bbb5386a8ecdcc8a9a70c84acc4acf44918d95be176897a5e8426739b60e6,sha512 do TSE,2026-10-05T01:07:07
tse/boletins_urna/2018/BWEB_2t_RN_301020181744.zip,https://cdn.tse.jus.br/estatistica/sead/eleicoes/eleicoes2018/buweb/BWEB_2t_RN_301020181744.zip,1640857,2de34bc6448cf9eb904b38607a2a2da7e7e81bd29551b07782c167ccdc79a8224e3792ca8c288b293cec7a943b44d0761428736a1e8c5554ca443bf6f3dbd1fb,sha512 do TSE,2026-10-05T01:07:08
tse/boletins_urna/2018/BWEB_2t_RO_301020181744.zip,https://cdn.tse.jus.br/estatistica/sead/eleicoes/eleicoes2018/buweb/BWEB_2t_RO_301020181744.zip,1058933,19b28a291ea8bf91cae4352b94e759d883d12b6dca2c1f17edb7e9c4182aa9d701f322bfce2134a41fc29b5221f58b9d4a59858ce54f5da59c6bfccdc4b4ee63,sha512 do TSE,2026-10-05T01:07:09
tse/boletins_urna/2018/BWEB_2t_RR_301020181744.zip,https://cdn.tse.jus.br/estatistica/sead/eleicoes/eleicoes2018/buweb/BWEB_2t_RR_301020181744.zip,516876,1e01b4a5842f4858be604ab31e974c113f78198a0f0871fdc8163cfe8bd6179c96fab0e6d1e30c7af5047edf69f74ae15e2c2859045166a54a1995c5e9e003b1,sha512 do TSE,2026-10-05T01:07:09
tse/boletins_urna/2018/BWEB_2t_RS_301020181744.zip,https://cdn.tse.jus.br/estatistica/sead/eleicoes/eleicoes2018/buweb/BWEB_2t_RS_301020181744.zip,5321281,024162714861d10c0bbe8ac5189d6543b0aab1b91a2f3c7249f49cb52576d0da8069a2b73de6aaf470e16dcc0da645cc366b9ee2fcee1810bf53599b065a3fe0,sha512 do TSE,2026-10-05T01:07:10
tse/boletins_urna/2018/BWEB_2t_SC_301020181744.zip,https://cdn.tse.jus.br/estatistica/sead/eleicoes/eleicoes2018/buweb/BWEB_2t_SC_301020181744.zip,3106315,e43ff7a294c30088097237ef241feddc7154117bcaa9a0bbaf97b95227378b23c1605b17ef864e00180d3c36ada7129ec3dac24680db0c7b5a301ecc0a00c99f,sha512 do TSE,2026-10-05T01:07:10
tse/boletins_urna/2018/BWEB_2t_SE_301020181744.zip,https://cdn.tse.jus.br/estatistica/sead/eleicoes/eleicoes2018/buweb/BWEB_2t_SE_301020181744.zip,1242173,e4ca128d1a266c7546738215bf30730d2a10ecf2b99182978475fcc93b1b7969760b256907ebe7b28581e9407a8b79cf3a8491a24919f108b7bcd51d18c49eff,sha512 do TSE,2026-10-05T01:07:12
tse/boletins_urna/2018/BWEB_2t_SP_301020181744.zip,https://cdn.tse.jus.br/estatistica/sead/eleicoes/eleicoes2018/buweb/BWEB_2t_SP_301020181744.zip,17587277,0d3a793a7cae5031f5c0e2df341a507bfacb47ba36cd35b6d7be03e0f43e705211563a78641ebf622201260c2edcd653a2f46b6f81ff064a4fb7d37a4e227dc6,sha512 do TSE,2026-10-05T01:07:14
tse/boletins_urna/2018/BWEB_2t_TO_301020181744.zip,https://cdn.tse.jus.br/estatistica/sead/eleicoes/eleicoes2018/buweb/BWEB_2t_TO_301020181744.zip,649734,e8e3c5195b42dcda4b9c35be0ef1b650c73439476516fbe9b4f05f7c94738dca198a3095203351f8e298042e7539a929edf67c0d79d32c77a9845809e6ebf4d6,sha512 do TSE,2026-10-05T01:07:14
tse/boletins_urna/2018/BWEB_2t_ZZ_301020181744.zip,https://cdn.tse.jus.br/estatistica/sead/eleicoes/eleicoes2018/buweb/BWEB_2t_ZZ_301020181744.zip,376323,bbb58efd6a0dd064d16c90ed4715352059afc78cc6cb5c89dff13ab2b1bff8cacdf7dc8ee34bd2f752980473a6a9ddecf6156e4fb1a6f86a649805ff4b2ec13c,sha512 do TSE,2026-10-05T01:07:14
tse/boletins_urna/2022/bweb_1t_AC_051020221321.zip,https://cdn.tse.jus.br/estatistica/sead/eleicoes/eleicoes2022/buweb/bweb_1t_AC_051020221321.zip,6125666,18da64130c41c200d244f23593076f6bfd15914912da69f5db4ea5bc2cf6f3ffe4dae2c0baeba6ac9a5fea5c727816edf5c13f7f8d518c79a956e7a06cc3f718,sha512 do TSE,2026-10-05T01:07:25
tse/boletins_urna/2022/bweb_1t_AL_051020221321.zip,https://cdn.tse.jus.br/estatistica/sead/eleicoes/eleicoes2022/buweb/bweb_1t_AL_051020221321.zip,15222584,82ddc1cfb73353d9ac80cae11125c8c00249580a8a1e4cf9fdcf74e87a82871f1f0e47686c0bdc72ca04decdc920525c602ac1e2c4efc983f95a6f8a7b092211,sha512 do TSE,2026-10-05T01:07:25
tse/boletins_urna/2022/bweb_1t_AM_051020221321.zip,https://cdn.tse.jus.br/estatistica/sead/eleicoes/eleicoes2022/buweb/bweb_1t_AM_051020221321.zip,22350241,67f5149c916cd8705f16cf415ed6334ddf0d97ba9d92b7b8d634b2b298e7750781eb6dc86fb797a9b28e8c2290c6ac54cf52ec8bbfc639906c51521645e77fd4,sha512 do TSE,2026-10-05T01:07:26
tse/boletins_urna/2022/bweb_1t_AP_051020221321.zip,https://cdn.tse.jus.br/estatistica/sead/eleicoes/eleicoes2022/buweb/bweb_1t_AP_051020221321.zip,6436152,bcb1bda51aaf8d0f68ac426fe0b288b51c68b07005525e59a534f619d439169491006057bf5207e1fb047d4dd4310e809c2c32ecb5bc81fdf7e525562c13e745,sha512 do TSE,2026-10-05T01:07:25
tse/boletins_urna/2022/bweb_1t_BA_051020221321.zip,https://cdn.tse.jus.br/estatistica/sead/eleicoes/eleicoes2022/buweb/bweb_1t_BA_051020221321.zip,87291644,220a827ccd4983869fd4231c109c41e59d04fbdba945bcc6a35c009650f6d96aad47554d15dd5ea57d1d0f878520e6fee414b5373f2308c1039e7ca938caa6b6,sha512 do TSE,2026-10-05T01:07:29
tse/boletins_urna/2022/bweb_1t_CE_051020221321.zip,https://cdn.tse.jus.br/estatistica/sead/eleicoes/eleicoes2022/buweb/bweb_1t_CE_051020221321.zip,52916380,4a2749d45dace778dbcaac87632cf4b6f81603eb77820096a256acddb6bfaa01ba57d250507e9635edef98effc271d3b359c6f1270e216042fdde07703623195,sha512 do TSE,2026-10-05T01:07:29
tse/boletins_urna/2022/bweb_1t_DF_051020221321.zip,https://cdn.tse.jus.br/estatistica/sead/eleicoes/eleicoes2022/buweb/bweb_1t_DF_051020221321.zip,27597689,0bcef02d6a5d621502a99ea7d183aa8773f79c9e3f7f2d389520c204ed3438351d3451b882cc6aba702435413ca3b1f32ec8b5d1c4397b20ebfd4b5f96519ee4,sha512 do TSE,2026-10-05T01:07:28
tse/boletins_urna/2022/bweb_1t_ES_051020221321.zip,https://cdn.tse.jus.br/estatistica/sead/eleicoes/eleicoes2022/buweb/bweb_1t_ES_051020221321.zip,25757607,0d9d5abeb8f23d93af820ad8ad153363cd91e9ce3725e2a8e0a18b70db697b029d6dde2d8b8aa27eb6e66f781d3ded7ca129f9b88b42dfd4d0ebb524551e4957,sha512 do TSE,2026-10-05T01:07:29
tse/boletins_urna/2022/bweb_1t_GO_051020221321.zip,https://cdn.tse.jus.br/estatistica/sead/eleicoes/eleicoes2022/buweb/bweb_1t_GO_051020221321.zip,46400104,2dd441be10764f0e061adb53826cac4b711e268fd13c7562c7eed0334bfcfa3f0f6c9b85a688d5816ff19b36b02a78e629424d4bcc3a8002b98fe102b9d5a30a,sha512 do TSE,2026-10-05T01:07:31
tse/boletins_urna/2022/bweb_1t_MA_051020221321.zip,https://cdn.tse.jus.br/estatistica/sead/eleicoes/eleicoes2022/buweb/bweb_1t_MA_051020221321.zip,36578532,e2c12ce0a88ccb82f3ef999f0d94164311ac30e0af0ac801568da437acbde2d1a76a1de25c27a6427bcb7f80199d24d690b8a707a341789a3bddda113bec1aca,sha512 do TSE,2026-10-05T01:07:31
tse/boletins_urna/2022/bweb_1t_MG_051020221321.zip,https://cdn.tse.jus.br/estatistica/sead/eleicoes/eleicoes2022/buweb/bweb_1t_MG_051020221321.zip,140857575,e7c202c3bdb276db6fdfadce81c2dd769f40c802a9e72fafba83058ca823925d3a82c866677239beceb18aac204312294c33954e96ab7702bdbc707878d16037,sha512 do TSE,2026-10-05T01:07:37
tse/boletins_urna/2022/bweb_1t_MS_051020221321.zip,https://cdn.tse.jus.br/estatistica/sead/eleicoes/eleicoes2022/buweb/bweb_1t_MS_051020221321.zip,18973011,cf8f6aaf43f3e94012cf187a59fa675cd88aee30e9e71c5fe8e98210b19c63a09b7415a4158f85105bdedbaa45f7f235606e236d7368711a78ef32e7c0431bc8,sha512 do TSE,2026-10-05T01:07:32
tse/boletins_urna/2022/bweb_1t_MT_051020221321.zip,https://cdn.tse.jus.br/estatistica/sead/eleicoes/eleicoes2022/buweb/bweb_1t_MT_051020221321.zip,17735163,2fd33420e4a152055385759af7ad4b8fbe2f0dff85ae4c997d14b8a9e16c8d034172d76c7731c2fe62ef3678f84437fce8486cc0f36132832bb2e7297943d6a1,sha512 do TSE,2026-10-05T01:07:32
tse/boletins_urna/2022/bweb_1t_PA_051020221321.zip,https://cdn.tse.jus.br/estatistica/sead/eleicoes/eleicoes2022/buweb/bweb_1t_PA_051020221321.zip,45665057,a08783382ab9181b3edf02aea4d2f7a8d47d5a411477add8898992c843221428187dc26f64e2055337b4804c890a251b6394801ba1d5b81f1040b08064118816,sha512 do TSE,2026-10-05T01:07:35
tse/boletins_urna/2022/bweb_1t_PB_051020221321.zip,https://cdn.tse.jus.br/estatistica/sead/eleicoes/eleicoes2022/buweb/bweb_1t_PB_051020221321.zip,22035297,ddb62268943bc9e72c73d01272b6f39dba39183e6bc33e04997934f9ea93eb89df5c4969149b69e12bb9615a980369004f270c05deaaeb42814295686aec45af,sha512 do TSE,2026-10-05T01:07:34
tse/boletins_urna/2022/bweb_1t_PE_051020221321.zip,https://cdn.tse.jus.br/estatistica/sead/eleicoes/eleicoes2022/buweb/bweb_1t_PE_051020221321.zip,58455957,7acf99b1ff630c2965c481fcfd271d785b57fd10c2c5fdefb4c45c43fb890ef976e67066000d43a4205e97f14fc8db7677aeb44212e249fced0c9151e5be30e7,sha512 do TSE,2026-10-05T01:07:36
tse/boletins_urna/2022/bweb_1t_PI_051020221321.zip,https://cdn.tse.jus.br/estatistica/sead/eleicoes/eleicoes2022/buweb/bweb_1t_PI_051020221321.zip,16343646,898b2de8bd27329ef15404ec239807bcb88778d4848b6344328cc2ff34c66980c257c9ca32a2f8432727c581cf436595f5cbaf1fc61f3bf97f7bf672f48fa981,sha512 do TSE,2026-10-05T01:07:36
tse/boletins_urna/2022/bweb_1t_PR_051020221321.zip,https://cdn.tse.jus.br/estatistica/sead/eleicoes/eleicoes2022/buweb/bweb_1t_PR_051020221321.zip,74642306,23f7113646a67781737cb779b01f5c3ed1baccbee86fc580e5e3aa92594b9043b4e23f5f4b33fc06920c7bbe8def1c556210b98e15421a45a9ace1e717a9c058,sha512 do TSE,2026-10-05T01:07:39
tse/boletins_urna/2022/bweb_1t_RJ_051020221321.zip,https://cdn.tse.jus.br/estatistica/sead/eleicoes/eleicoes2022/buweb/bweb_1t_RJ_051020221321.zip,148585987,6c5c4ff8feec9576021f6cc33af90a4fc6eabcdcb9d5ded03a96fad590457bc8cd97eadb697a6010f9dd06d93a250a589a17b4471ba94fd0922d854d1effd5e3,sha512 do TSE,2026-10-05T01:07:45
tse/boletins_urna/2022/bweb_1t_RN_051020221321.zip,https://cdn.tse.jus.br/estatistica/sead/eleicoes/eleicoes2022/buweb/bweb_1t_RN_051020221321.zip,18274320,9d18aed0545a8e92f0099a9a7c066d1b924ee979348907b0c72b14a3adddbfad18073a618219fa44b0365c2c4cb635b69e4f0db241c2e11b8d747a6951f75d33,sha512 do TSE,2026-10-05T01:07:38
tse/boletins_urna/2022/bweb_1t_RO_051020221321.zip,https://cdn.tse.jus.br/estatistica/sead/eleicoes/eleicoes2022/buweb/bweb_1t_RO_051020221321.zip,11353207,1ebde1c6635b27cd862690f9a66dab9d254f8c8005d78daef5e4c7baa139418ab1e897aa102406da1524633b55a7c5cb493f31431b6dee1658310713c77c62ac,sha512 do TSE,2026-10-05T01:07:39
tse/boletins_urna/2022/bweb_1t_RR_051020221321.zip,https://cdn.tse.jus.br/estatistica/sead/eleicoes/eleicoes2022/buweb/bweb_1t_RR_051020221321.zip,4571547,98808d31036b92c53dbfee163781a7365e1605f10d33f6f8750e5ff479144b9848774fd49f8bf76ede8b6e87d649acdf008afdabacef38188943c446b07b90b6,sha512 do TSE,2026-10-05T01:07:39
tse/boletins_urna/2022/bweb_1t_RS_051020221321.zip,https://cdn.tse.jus.br/estatistica/sead/eleicoes/eleicoes2022/buweb/bweb_1t_RS_051020221321.zip,79844060,0112f40d9c327f613b69d75aa799715791dd7b7f415d4b012306e3832d83a66417dd030959c393df2be049e3ef34291494866dc979ffc8322db5d0fe00f6e0ba,sha512 do TSE,2026-10-05T01:07:42
tse/boletins_urna/2022/bweb_1t_SC_051020221321.zip,https://cdn.tse.jus.br/estatistica/sead/eleicoes/eleicoes2022/buweb/bweb_1t_SC_051020221321.zip,45911156,bd899db22081a38053da89188d241cc43d8dd2eb9bfa6ecf9ec8c372e0f8282b108fc0d29af9f2f3702e05796f1f1cebd8aea8776e7b83ebb33a57dd92608445,sha512 do TSE,2026-10-05T01:07:43
tse/boletins_urna/2022/bweb_1t_SE_051020221321.zip,https://cdn.tse.jus.br/estatistica/sead/eleicoes/eleicoes2022/buweb/bweb_1t_SE_051020221321.zip,13823584,3d0e02ecc96778134d7d4815351f6c1242e09f4ca0e9b5502685fb8d8decdac3e791f98aaa3842e9b555a5266174457a9f3a82b2bade8138334499edc71a5449,sha512 do TSE,2026-10-05T01:07:43
tse/boletins_urna/2022/bweb_1t_SP_051020221321.zip,https://cdn.tse.jus.br/estatistica/sead/eleicoes/eleicoes2022/buweb/bweb_1t_SP_051020221321.zip,404292177,81ebb460608283d17e48d438103aaf510de0f448623a6e77f760ed8afdb80fbf355721c047c16e055bca4cac42f38c7d109cc5b1dc22d2a0acc3befc2e0f869b,sha512 do TSE,2026-10-05T01:07:55
tse/boletins_urna/2022/bweb_1t_TO_051020221321.zip,https://cdn.tse.jus.br/estatistica/sead/eleicoes/eleicoes2022/buweb/bweb_1t_TO_051020221321.zip,9257360,e8b01a8a0cef6f0ca732297e7fcaad0fc84406cef125dcc99f134fea012d7e4fad5fc4ef54c622c716e3454191cf5e49843dcd20f3cc4dda3a1ea6eae2d1c054,sha512 do TSE,2026-10-05T01:07:44
tse/boletins_urna/2022/bweb_1t_ZZ_051020221321.zip,https://cdn.tse.jus.br/estatistica/sead/eleicoes/eleicoes2022/buweb/bweb_1t_ZZ_051020221321.zip,503717,317e2203daba0b089faf65d278bf0da0dabde8ce798943a93538751b4375cd85f6d5e834c7cd098040a445f48894de564bacd41db85a1499a5c0f03eb809d619,sha512 do TSE,2026-10-05T01:07:45
tse/boletins_urna/2022/bweb_2t_AC_311020221535.zip,https://cdn.tse.jus.br/estatistica/sead/eleicoes/eleicoes2022/buweb/bweb_2t_AC_311020221535.zip,538139,f600ddb4b770bea09d0b88209b566b4992424fab21821bf20ea5e733a38a4a3d7fa6f5f441897e907a448e870d6d812d9e5bdbbdbb60ab167ca108f248991b2f,sha512 do TSE,2026-10-05T01:07:25
tse/boletins_urna/2022/bweb_2t_AL_311020221535.zip,https://cdn.tse.jus.br/estatistica/sead/eleicoes/eleicoes2022/buweb/bweb_2t_AL_311020221535.zip,1341316,848c9ac64aec5a4fbe3bba968df7a6a758d0d9c09f245d761c853f97ee08c67f1108270fec9e8551094ca42b830b6ed98a1daf5730dbee5b53256d26767b6c67,sha512 do TSE,2026-10-05T01:07:25
tse/boletins_urna/2022/bweb_2t_AM_311020221535.zip,https://cdn.tse.jus.br/estatistica/sead/eleicoes/eleicoes2022/buweb/bweb_2t_AM_311020221535.zip,1480749,ddcf25e40104514aefb4f774e588f4e5feb5afa5ffd3a89c3d3f1e32d0c5bd7e9a3482d9ee12737c155f93148c2c5a573a9bf0cd490fb3d4e29e614d8c2b1317,sha512 do TSE,2026-10-05T01:07:25
tse/boletins_urna/2022/bweb_2t_AP_311020221535.zip,https://cdn.tse.jus.br/estatistica/sead/eleicoes/eleicoes2022/buweb/bweb_2t_AP_311020221535.zip,501229,3e009ffef5b065099c43834eb3e99da12b0e5493e9c12e6144cc4380ab9a8141ebc18e57b56842941be0defdd44ebe5232a8f5a30f3fd8c30c5e01397aecb468,sha512 do TSE,2026-10-05T01:07:25
tse/boletins_urna/2022/bweb_2t_BA_311020221535.zip,https://cdn.tse.jus.br/estatistica/sead/eleicoes/eleicoes2022/buweb/bweb_2t_BA_311020221535.zip,5522366,72cba05d279875a7ba482e26394b05e4787d9107e084201b395fa6f9f6a41d9225089f582e467af393bb2382829da51d2372191e6302d39c9a7c4862fb951e8a,sha512 do TSE,2026-10-05T01:07:26
tse/boletins_urna/2022/bweb_2t_CE_311020221535.zip,https://cdn.tse.jus.br/estatistica/sead/eleicoes/eleicoes2022/buweb/bweb_2t_CE_311020221535.zip,2613744,0fb2967c97ede37c9c36b9d403ef226b9b6f1a3591733745a68dfe95d64eb513848919b312f98580cbd82265f3175beef949cd859a89edb2569e68bb044ed9ee,sha512 do TSE,2026-10-05T01:07:27
tse/boletins_urna/2022/bweb_2t_DF_311020221535.zip,https://cdn.tse.jus.br/estatistica/sead/eleicoes/eleicoes2022/buweb/bweb_2t_DF_311020221535.zip,998403,244c900a4a54de3d8e371065f6be863c7ea48b39c34681c9d796376aa478b8822bcc3d89f56da9472a683d995e209b67b76ca72c21676101f02ec688d98d9ae6,sha512 do TSE,2026-10-05T01:07:27
tse/boletins_urna/2022/bweb_2t_ES_311020221535.zip,https://cdn.tse.jus.br/estatistica/sead/eleicoes/eleicoes2022/buweb/bweb_2t_ES_311020221535.zip,1717142,a77de3ca6a2df5fd1601bf5260d4009e35a73e5228e4197fd998816202ff1fa14afdc9c2af203548e94ef580c8fa488e5db0501406f849cf92a60214bb424999,sha512 do TSE,2026-10-05T01:07:29
tse/boletins_urna/2022/bweb_2t_GO_311020221535.zip,https://cdn.tse.jus.br/estatistica/sead/eleicoes/eleicoes2022/buweb/bweb_2t_GO_311020221535.zip,1786175,7ea3eacbe607a8f7a9a73d776ab470ce07d2a6a2e5bfe0fa646a9d3102a173fd78be11fa8f614a821555284427738006a97149bef991733ddf4b372fddfb5abf,sha512 do TSE,2026-10-05T01:07:29
tse/boletins_urna/2022/bweb_2t_MA_311020221535.zip,https://cdn.tse.jus.br/estatistica/sead/eleicoes/eleicoes2022/buweb/bweb_2t_MA_311020221535.zip,1965703,63c336fb3ac2698572a7085314bf18bada054718f436733ef27f78de86512c846530b04f53deb954d684be0ea1a59762439fce5362dd48f37d0003fd79a2dcef,sha512 do TSE,2026-10-05T01:07:29
tse/boletins_urna/2022/bweb_2t_MG_311020221535.zip,https://cdn.tse.jus.br/estatistica/sead/eleicoes/eleicoes2022/buweb/bweb_2t_MG_311020221535.zip,5283911,754605af3dd20dc43fee4d631d6329dd10d695e79e750a71e3b0b2ea4363d3156f617902c98e6adb9be0c332aa0d729d4076dcb1be0eb439555e27a69aa23734,sha512 do TSE,2026-10-05T01:07:30
tse/boletins_urna/2022/bweb_2t_MS_311020221535.zip,https://cdn.tse.jus.br/estatistica/sead/eleicoes/eleicoes2022/buweb/bweb_2t_MS_311020221535.zip,1380373,ab4bc86bf2b485926192bc03356493f88c5383126555c66187dac58d1dcf1b45a85a60e7fb60713c8d0a69e18056af835acdb233225f4cda5b879370adc06dbc,sha512 do TSE,2026-10-05T01:07:31
tse/boletins_urna/2022/bweb_2t_MT_311020221535.zip,https://cdn.tse.jus.br/estatistica/sead/eleicoes/eleicoes2022/buweb/bweb_2t_MT_311020221535.zip,1081503,39e05e6a12c7c649434058ac71791890c50b0b8f1b0d3f30626e73af6e64c6737e1ef1c28356ae68f980735f6be4cba8ebce844296247375fbc9fb3eecb21f58,sha512 do TSE,2026-10-05T01:07:31
tse/boletins_urna/2022/bweb_2t_PA_311020221535.zip,https://cdn.tse.jus.br/estatistica/sead/eleicoes/eleicoes2022/buweb/bweb_2t_PA_311020221535.zip,2118855,ec6db3f1af4a85e02c20e76b67ec2f3c0de8fdec046d45b645c9ce22dfda1126d1201ba582f49d187e4fbdf9ce2f31d57a78f5228fb4f19e905c174f682440fb,sha512 do TSE,2026-10-05T01:07:32
tse/boletins_urna/2022/bweb_2t_PB_311020221535.zip,https://cdn.tse.jus.br/estatistica/sead/eleicoes/eleicoes2022/buweb/bweb_2t_PB_311020221535.zip,1806259,6fc4eb0461e6b5b7a86b84c66155f1dc904f8f68ebe6597840f88519a91c3951752acd81a26385151ec22b1ec178efcaad4812b8ef564247985a2524a3ecd859,sha512 do TSE,2026-10-05T01:07:33
tse/boletins_urna/2022/bweb_2t_PE_311020221535.zip,https://cdn.tse.jus.br/estatistica/sead/eleicoes/eleicoes2022/buweb/bweb_2t_PE_311020221535.zip,3469891,0d1a9bb8b3867e0b08ba409312a182adca78fa1ed608638f015e3c8e133c1acd0cdcf45f10d811117f45743c4987cc2baf7e214d97b222db896e8e4c26f2b3f1,sha512 do TSE,2026-10-05T01:07:34
tse/boletins_urna/2022/bweb_2t_PI_311020221535.zip,https://cdn.tse.jus.br/estatistica/sead/eleicoes/eleicoes2022/buweb/bweb_2t_PI_311020221535.zip,1227487,f7b40fc17067dcc15a96d9a2ed31ffa5247a20c396dedb408352eec56706a2503f25a6b3b6cceaa5852ca12f8af756d6bd523c7df60e0fc894299614626c46f0,sha512 do TSE,2026-10-05T01:07:35
tse/boletins_urna/2022/bweb_2t_PR_311020221535.zip,https://cdn.tse.jus.br/estatistica/sead/eleicoes/eleicoes2022/buweb/bweb_2t_PR_311020221535.zip,2855742,5b70471af2fd06c140a83f7679c1d4fb8fdec91583bcb14d6479fab07fc79ad726e34f95a0c109890c38162405457072e0189615b686dad6f7604a44a44679fa,sha512 do TSE,2026-10-05T01:07:36
tse/boletins_urna/2022/bweb_2t_RJ_311020221535.zip,https://cdn.tse.jus.br/estatistica/sead/eleicoes/eleicoes2022/buweb/bweb_2t_RJ_311020221535.zip,3728044,4f13e0198cc42ed813058f867789ebb336f8206b13a32684ef7a41fcbe955d846ae0f6456016118be3e808321207225a56fa66d85e68936e9d4e01e027773271,sha512 do TSE,2026-10-05T01:07:37
tse/boletins_urna/2022/bweb_2t_RN_311020221535.zip,https://cdn.tse.jus.br/estatistica/sead/eleicoes/eleicoes2022/buweb/bweb_2t_RN_311020221535.zip,1090336,52539e630ab83c8ba5337730f8fe51794321655c4221d8de7091ba3dff6719a18959efa614d6a89057fb7b6f932e62c162242daf8578282943951c5e1822d90c,sha512 do TSE,2026-10-05T01:07:38
tse/boletins_urna/2022/bweb_2t_RO_311020221535.zip,https://cdn.tse.jus.br/estatistica/sead/eleicoes/eleicoes2022/buweb/bweb_2t_RO_311020221535.zip,959055,2515ea281f3588a3085a4d2e115405d0d9bbb6c9ae24ba7792728c3ae8c18380691037ad8376322493731700a58decda6df5e6668dae0dc0f853d76b0334f4c4,sha512 do TSE,2026-10-05T01:07:38
tse/boletins_urna/2022/bweb_2t_RR_311020221535.zip,https://cdn.tse.jus.br/estatistica/sead/eleicoes/eleicoes2022/buweb/bweb_2t_RR_311020221535.zip,450233,3f70a0a8c118ea06ea98f2756bf9a8901815612db5a49e1b54467fedfcf0c044e5f232c9b12c44f901689188015efc008f539fc007d0259f1bb05c659026995a,sha512 do TSE,2026-10-05T01:07:43
tse/boletins_urna/2022/bweb_2t_RS_311020221535.zip,https://cdn.tse.jus.br/estatistica/sead/eleicoes/eleicoes2022/buweb/bweb_2t_RS_311020221535.zip,4537987,7d74d6139ea82253aa92e4e18e995df729794ef6b084feb01a76c9787be07170fbced73453c026058f39843156a4520f155b9d5f3b564635be2ec5b1157d66c1,sha512 do TSE,2026-10-05T01:07:40
tse/boletins_urna/2022/bweb_2t_SC_311020221535.zip,https://cdn.tse.jus.br/estatistica/sead/eleicoes/eleicoes2022/buweb/bweb_2t_SC_311020221535.zip,2776735,1a0a6ba32a9b589896ca68e6fdc85a8580645ea5af48778cd6bde11159e8691e3f0ff94c3ffc1b1c28aa311889a5704a304c2efe67a6bec5affc6ff55aeea352,sha512 do TSE,2026-10-05T01:07:42
tse/boletins_urna/2022/bweb_2t_SE_311020221535.zip,https://cdn.tse.jus.br/estatistica/sead/eleicoes/eleicoes2022/buweb/bweb_2t_SE_311020221535.zip,1168873,48af31eccdb502d19e77e3be308300bc3aa2298a9fcea6a3b6753d1e65f250c49700a8cfe4face3b58f4ef10fddd4e5817c31dd148d3fd5e54f1cf00daf2be06,sha512 do TSE,2026-10-05T01:07:43
tse/boletins_urna/2022/bweb_2t_SP_311020221535.zip,https://cdn.tse.jus.br/estatistica/sead/eleicoes/eleicoes2022/buweb/bweb_2t_SP_311020221535.zip,16096583,5ebcaf759f988b7d8ec844cff4eb057a5832b4f3b25c32af66fb4767a0ad230b38485172df4698f4de66470a8e1f907c0cf3cf36a27677d50b36c778bdf50168,sha512 do TSE,2026-10-05T01:07:45
tse/boletins_urna/2022/bweb_2t_TO_311020221535.zip,https://cdn.tse.jus.br/estatistica/sead/eleicoes/eleicoes2022/buweb/bweb_2t_TO_311020221535.zip,721111,f084a9785026fcbcf3b0b7a25eea0252c3acfc219e74b488fbdff9f903cd6b5f569e14a1fbe16beec87fdb1fd09580ef54787affb70662c14012f5faa44812cc,sha512 do TSE,2026-10-05T01:07:45
tse/boletins_urna/2022/bweb_2t_ZZ_311020221535.zip,https://cdn.tse.jus.br/estatistica/sead/eleicoes/eleicoes2022/buweb/bweb_2t_ZZ_311020221535.zip,433558,49b12f6c2087fa3c4a379cd658e36c4f15c3588130b474d60b37a9e1e8a182ef8cf581094707801cc63d4c29fe0f69e4f2ad76086ff49b2ff81595aa7a3a0236,sha512 do TSE,2026-10-05T01:07:45
tse/boletins_urna/2026/bweb_1t_AC_051020261403.zip,https://cdn.tse.jus.br/estatistica/sead/eleicoes/eleicoes2026/buweb/bweb_1t_AC_051020261403.zip,16959055,c095164588a0ad4f46717e081f51eab226f78365325629124672ba8ea044c8e2266028e8456a9e5188ab763c1556160cc8d175b2aab361c5f81544e393c99ab1,sha512 do TSE,2026-10-07T17:40:28
tse/boletins_urna/2026/bweb_1t_AL_051020261403.zip,https://cdn.tse.jus.br/estatistica/sead/eleicoes/eleicoes2026/buweb/bweb_1t_AL_051020261403.zip,48253491,dc4340c5d6ff227b6398bd0ed5416a42fac6f182f5775b236e4e5be6358d9eab82ded3ecfe33c8326f0a4caee38bd048635e8f14aff8893fe498de6c641e2b7f,sha512 do TSE,2026-10-07T17:40:31
tse/boletins_urna/2026/bweb_1t_AM_051020261403.zip,https://cdn.tse.jus.br/estatistica/sead/eleicoes/eleicoes2026/buweb/bweb_1t_AM_051020261403.zip,77017934,143619aaf27787f27435bc6b78961d289ac0bc9ec6683a678cc319fa1d68eef0611aad9e608d7493a100bafe83f46516e3155dc4b3e62717c5870fb992239f5d,sha512 do TSE,2026-10-07T17:40:31
tse/boletins_urna/2026/bweb_1t_AP_051020261403.zip,https://cdn.tse.jus.br/estatistica/sead/eleicoes/eleicoes2026/buweb/bweb_1t_AP_051020261403.zip,16659046,bd40faf189a3ba0462d8efc73216bf60480fda36b3e7d6e144b49d05e54e0415494d06a7858ccf4926cd2570059cdf6518b976e6129c243f44cb9708107b0769,sha512 do TSE,2026-10-07T17:40:27
tse/boletins_urna/2026/bweb_1t_BA_051020261403.zip,https://cdn.tse.jus.br/estatistica/sead/eleicoes/eleicoes2026/buweb/bweb_1t_BA_051020261403.zip,324997821,8fc0b0c6e926af2c9554de33d5ed1f7c4d376cc2e1655970e78aa8498c71c7caef3d4a4adfcc2f3c4989c9783d2917f8478404a9789bcccbb9bdc366a8024e5e,sha512 do TSE,2026-10-07T17:40:47
tse/boletins_urna/2026/bweb_1t_CE_051020261403.zip,https://cdn.tse.jus.br/estatistica/sead/eleicoes/eleicoes2026/buweb/bweb_1t_CE_051020261403.zip,203005857,0ac4f8dbcd6eb06ed3e67b71d64fdb36909a885da32e765c9ae966c02ed48dcee57f82b3a95dfa3b1dd586e7f057ed556a991fe9e2dc4ae117e72caa2359fabf,sha512 do TSE,2026-10-07T17:40:40
tse/boletins_urna/2026/bweb_1t_DF_051020261403.zip,https://cdn.tse.jus.br/estatistica/sead/eleicoes/eleicoes2026/buweb/bweb_1t_DF_051020261403.zip,77026962,10916bdfc73018dab34d21dbb1f7fa49d33921a6d8de9e283a2b4b6d8d7ce6c02af4e5cff948f17cab726195b372ee84f2177ab5756dff04e0f2d71c759d4572,sha512 do TSE,2026-10-07T17:40:35
tse/boletins_urna/2026/bweb_1t_ES_051020261403.zip,https://cdn.tse.jus.br/estatistica/sead/eleicoes/eleicoes2026/buweb/bweb_1t_ES_051020261403.zip,81978606,fb3dc71fccd1528f091ead2caa11a6182e25d581aaaf565519bcd6884e5827d868a60dad74a77df51593a2bcba692a0bc4dc777e6fa6782a27cf19782d8c7f31,sha512 do TSE,2026-10-07T17:40:40
tse/boletins_urna/2026/bweb_1t_GO_051020261403.zip,https://cdn.tse.jus.br/estatistica/sead/eleicoes/eleicoes2026/buweb/bweb_1t_GO_051020261403.zip,157210218,995aa51719659a4f22f4e9a9a904f545be3e57112fd204ca35dc697a76950222c244477284b28fb74bde65d45df3f20855f2c40fe436f33afc885917fc73c394,sha512 do TSE,2026-10-07T17:40:47
tse/boletins_urna/2026/bweb_1t_MA_051020261403.zip,https://cdn.tse.jus.br/estatistica/sead/eleicoes/eleicoes2026/buweb/bweb_1t_MA_051020261403.zip,142453462,28eda5cc72f2d7f29b32282e72461fd93baa7f4da430e1f624128aeb3d83326f25b26efda431c2669e9a23d9d9b76a8f62e27f7a616b54ae5f8e1630a1775134,sha512 do TSE,2026-10-07T17:40:51
tse/boletins_urna/2026/bweb_1t_MG_051020261403.zip,https://cdn.tse.jus.br/estatistica/sead/eleicoes/eleicoes2026/buweb/bweb_1t_MG_051020261403.zip,489306781,c0d4a82adb1fa1c89447c8a19448c588bad2597d4509c04a1b1671b835b9160e9c835091b1000180d1ad3a329dd36ce3bee1d57f4589a4e96d8c2601a99a80c6,sha512 do TSE,2026-10-07T17:41:09
tse/boletins_urna/2026/bweb_1t_MS_051020261403.zip,https://cdn.tse.jus.br/estatistica/sead/eleicoes/eleicoes2026/buweb/bweb_1t_MS_051020261403.zip,51978602,e62c150f16fff1a4e6a08ba36e3f7d5b3820a01bb2cf5131df8426c462bb8edac5cb01584770271e356a9e56a8f2d59edf7516f795ce955928b53e3a853361a4,sha512 do TSE,2026-10-07T17:40:50
tse/boletins_urna/2026/bweb_1t_MT_051020261403.zip,https://cdn.tse.jus.br/estatistica/sead/eleicoes/eleicoes2026/buweb/bweb_1t_MT_051020261403.zip,63492478,0b97fc665251f8a82d5b43938245bbc2b39b680c6053626abf5d94cc67b0105aed3d3c9bc97a6366507e7e409d81b8d5c1f5c15b2f95542e8d6e3e788818ab1d,sha512 do TSE,2026-10-07T17:40:52
tse/boletins_urna/2026/bweb_1t_PA_051020261403.zip,https://cdn.tse.jus.br/estatistica/sead/eleicoes/eleicoes2026/buweb/bweb_1t_PA_051020261403.zip,172050487,7ec84395ef9ce10fcfeedc9236b9fb93de80d7d278b56b074d0538009ed53e4fff695a627dd848028e91ef8cd1a5a36a1e6fe2318b0adac909c741739371d788,sha512 do TSE,2026-10-07T17:41:03
tse/boletins_urna/2026/bweb_1t_PB_051020261403.zip,https://cdn.tse.jus.br/estatistica/sead/eleicoes/eleicoes2026/buweb/bweb_1t_PB_051020261403.zip,77916707,22784224b1e752b10371a22cc5cdb381b78c9a3b694da02a71867db116adf39d6b08e52f9cd69888fa708c2be12a3a35d24acf78a3b2f601e2c98561ae496812,sha512 do TSE,2026-10-07T17:40:57
tse/boletins_urna/2026/bweb_1t_PE_051020261403.zip,https://cdn.tse.jus.br/estatistica/sead/eleicoes/eleicoes2026/buweb/bweb_1t_PE_051020261403.zip,204972135,8d01dd88ba42adf623d3ec23a934691b3cd9ae4e90a7093877592d425d5f79aafc20f1cc419e9de73265116f1c908555c7c8b42015b1f72dadb4a09378da7cfa,sha512 do TSE,2026-10-07T17:41:05
tse/boletins_urna/2026/bweb_1t_PI_051020261403.zip,https://cdn.tse.jus.br/estatistica/sead/eleicoes/eleicoes2026/buweb/bweb_1t_PI_051020261403.zip,66216824,c77cafd73117432124f789dc75fcb2401338a82dfae707ea4626639c980c318c25555b53fd5a2ad3604aec8bce76012de3ef7102c0cd9e1460b1d7f8f05f8c8a,sha512 do TSE,2026-10-07T17:41:02
tse/boletins_urna/2026/bweb_1t_PR_051020261403.zip,https://cdn.tse.jus.br/estatistica/sead/eleicoes/eleicoes2026/buweb/bweb_1t_PR_051020261403.zip,270246858,762372bbafff59673da579e81a31536fe990b90e81dd92277af12e395dcb23784e7b6eccdb8826b214c9772edf997bd6747ff8ab87bd40b17049bafca1c5b10b,sha512 do TSE,2026-10-07T17:41:18
tse/boletins_urna/2026/bweb_1t_RJ_051020261403.zip,https://cdn.tse.jus.br/estatistica/sead/eleicoes/eleicoes2026/buweb/bweb_1t_RJ_051020261403.zip,536375038,15fec8c7104496cb39379030cf3fc732801e80405fe0efac7985164bdf72a5decdac3a34ae3fcd7d39e44a9be12674bc5961685a67a9d1c0c38c0c7e1d45719d,sha512 do TSE,2026-10-07T17:41:36
tse/boletins_urna/2026/bweb_1t_RN_051020261403.zip,https://cdn.tse.jus.br/estatistica/sead/eleicoes/eleicoes2026/buweb/bweb_1t_RN_051020261403.zip,54412606,8c306c4501a9c5f9bdaa17f416c07280a24563f68f65d64e51843bc0b5377bacd534417396200772c471e412f9e4981273432f104ee1e2f7f3681399fd95b820,sha512 do TSE,2026-10-07T17:41:11
tse/boletins_urna/2026/bweb_1t_RO_051020261403.zip,https://cdn.tse.jus.br/estatistica/sead/eleicoes/eleicoes2026/buweb/bweb_1t_RO_051020261403.zip,36216443,883b0c3cdf8047d9776b2409abecc0ed287a8a6a7f3657a860701a2b9999664a8a6c8012db96238ed1476899120dd2dc62167a3e8924e9d4b1db686c2302fcaf,sha512 do TSE,2026-10-07T17:41:12
tse/boletins_urna/2026/bweb_1t_RR_051020261403.zip,https://cdn.tse.jus.br/estatistica/sead/eleicoes/eleicoes2026/buweb/bweb_1t_RR_051020261403.zip,11931936,4cde1919c20ba0940a9b5fc83422e93248b28fb494510205ae3862b61340a9e8d5d297444af84618c84ec7bb7f1dbc7c487b51e22377c3cde3f71bc39a8dc5c6,sha512 do TSE,2026-10-07T17:41:11
tse/boletins_urna/2026/bweb_1t_RS_051020261403.zip,https://cdn.tse.jus.br/estatistica/sead/eleicoes/eleicoes2026/buweb/bweb_1t_RS_051020261403.zip,270859776,b6dd056af20ce8768b2a439b1929102a077f0931f966c5314f706b4c98eb6e39549f8b143aee3808c22490a9d9e3f7dc24af925ea421fa1ae2d896283ff45732,sha512 do TSE,2026-10-07T17:41:29
tse/boletins_urna/2026/bweb_1t_SC_051020261403.zip,https://cdn.tse.jus.br/estatistica/sead/eleicoes/eleicoes2026/buweb/bweb_1t_SC_051020261403.zip,153178332,618c1cacf80bc2964d3bb5e6274ba3e2adeed853077083bc01004e5110e79615868cf3c39b490e283c181c716275d4473da35d11f407111f4170fc91a8a93db7,sha512 do TSE,2026-10-07T17:41:20
tse/boletins_urna/2026/bweb_1t_SE_051020261403.zip,https://cdn.tse.jus.br/estatistica/sead/eleicoes/eleicoes2026/buweb/bweb_1t_SE_051020261403.zip,46931962,dd1afedc6867ca7828becbe52178cda4e9104d2966fd3cad8c28d4f4ff7c86270dcc5c24cb3904b02a0f0f5a4f7308bb2b7d9f9d60775092f55de136204b9d40,sha512 do TSE,2026-10-07T17:41:21
tse/boletins_urna/2026/bweb_1t_SP_051020261403.zip,https://cdn.tse.jus.br/estatistica/sead/eleicoes/eleicoes2026/buweb/bweb_1t_SP_051020261403.zip,1395007777,00c8b12de9077c8263c87ba91d1300e230719bd1ad27e7f37131478d8e3b4bc9c66b727b3e30c73c89799e136c329db45b85e6d037874ea8fa166d74f26ca403,sha512 do TSE,2026-10-07T17:41:56
tse/boletins_urna/2026/bweb_1t_TO_051020261403.zip,https://cdn.tse.jus.br/estatistica/sead/eleicoes/eleicoes2026/buweb/bweb_1t_TO_051020261403.zip,29667347,b936b450693c00741226bd1b6c09843c6671e41abafa393ef31606a7038272011b9030ec8d62a8f61d7ff31f532b7979321cac456bef3b44925e0b00026bc614,sha512 do TSE,2026-10-07T17:41:24
tse/boletins_urna/2026/bweb_1t_ZZ_051020261403.zip,https://cdn.tse.jus.br/estatistica/sead/eleicoes/eleicoes2026/buweb/bweb_1t_ZZ_051020261403.zip,1039125,001ae12d79a7d5f9471c0a8bb3e09b5cb6633be598683db74b0ab08c0002f2c764cb9fde9c0470c6414985ce47cd01b00c343438d9c914f3f792a1975b400a55,sha512 do TSE,2026-10-07T17:41:25
tse/locais_votacao/2016/eleitorado_local_votacao_2016.zip,https://cdn.tse.jus.br/estatistica/sead/odsele/eleitorado_locais_votacao/eleitorado_local_votacao_2016.zip,45690110,bcf3fb268c78fcef4a569ad40f8b68c3d0fb3989d19710a0edcbfde5950c65aacf84e948f49f65b3fdd1abe212c01805ec9d73080cf09647191e8c6ee1de977c,tamanho,2026-10-05T19:19:05
tse/locais_votacao/2018/eleitorado_local_votacao_2018.zip,https://cdn.tse.jus.br/estatistica/sead/odsele/eleitorado_locais_votacao/eleitorado_local_votacao_2018.zip,84041372,25527351a7cccf5bba7cf755b8f00e10291dd4fa5297046295cd75427ba07844328272da2eeabae334cd0b8a0f3ce068dacd04521b460ecca20cbbf003f04884,tamanho,2026-10-05T01:06:54
tse/locais_votacao/2020/eleitorado_local_votacao_2020.zip,https://cdn.tse.jus.br/estatistica/sead/odsele/eleitorado_locais_votacao/eleitorado_local_votacao_2020.zip,32394603,3f43c263aa516d41254c946e5bacd5c71d067ee7a6e3e4a1f0edee04b87d8a76176529a565ff66b19ace5e3b231d39278f28865af53579fd70de189bdd3f507d,tamanho,2026-10-05T19:19:06
tse/locais_votacao/2022/eleitorado_local_votacao_2022.zip,https://cdn.tse.jus.br/estatistica/sead/odsele/eleitorado_locais_votacao/eleitorado_local_votacao_2022.zip,24028146,f93973dd9d57c788feb8d3d85b05b2720b3e24bb5640e595b9ac45fa637fabc4d0db6cd28db30cb8064fedcb66495995a8182cf2863b7c2bf240511e831ba90e,tamanho,2026-10-05T01:07:24
tse/locais_votacao/2024/eleitorado_local_votacao_2024.zip,https://cdn.tse.jus.br/estatistica/sead/odsele/eleitorado_locais_votacao/eleitorado_local_votacao_2024.zip,45276803,0552a559e6bb86027d5cd4cf0b24447122a24adaa187dc7324f079ff4a8aee48e71bd6462163a95b25e52f99d969bd0209192ff46264cc981aeb1d868e8172aa,tamanho,2026-10-05T19:19:07
tse/locais_votacao/2026/eleitorado_local_votacao_2026.zip,https://cdn.tse.jus.br/estatistica/sead/odsele/eleitorado_locais_votacao/eleitorado_local_votacao_2026.zip,175534873,1178e95bd1a810d1fa06ce65c6c330627268268f74d43c6e22b2296d518dd4e0950070eb8f2e0f8a02e2deac1178bdf1514d44ebb325d472ee9b76a9f10dc925,tamanho,2026-10-07T17:40:27
tse/municipios/mun-e006257-cm.json,https://resultados.tse.jus.br/oficial/ele2026/6257/config/mun-e006257-cm.json,534025,797733c4559aee93d18d03b4571fc9013ca14ecbcb4980d0a45a9bb09983845d65220d4a8b5803bf80979679c70f437148b6664224194c8439f3c25a198a20b0,json válido,2026-10-05T01:07:55
tse/pesquisas/2018/pesquisa_eleitoral_2018.zip,https://cdn.tse.jus.br/estatistica/sead/odsele/pesquisa_eleitoral/pesquisa_eleitoral_2018.zip,1278059,13d8fcf9984e77f32ab9ad2e78c76a33e6bae57ce28521d28834656da23890c0ebe7c7ace0ae3747bb12098bafa38d2d87fdf55076410828e134700af7981169,tamanho,2026-10-05T14:46:12
tse/pesquisas/2022/pesquisa_eleitoral_2022.zip,https://cdn.tse.jus.br/estatistica/sead/odsele/pesquisa_eleitoral/pesquisa_eleitoral_2022.zip,3171871,9a23ace2a733a86ff2e3388d81c91f50aa341b4212584a82397823151705d8b83cf241569ac61ecf90e722fd4bb0e887599d4e5d52c877ef5f11fb7ae4e90f63,tamanho,2026-10-05T14:46:12
tse/pesquisas/2026/pesquisa_eleitoral_2026.zip,https://cdn.tse.jus.br/estatistica/sead/odsele/pesquisa_eleitoral/pesquisa_eleitoral_2026.zip,5906964,c30ff5274999bed857efdda77cd95b00bdd7f0995010acf4a9733f6698efc5880de4403174f844397d32decbe23f57f07d23cde76ea768a70ee6ef08c1c08603,tamanho,2026-10-08T09:01:57
tse/totais_oficiais/2018/leiame.pdf,https://cdn.tse.jus.br/estatistica/sead/odsele/votacao_candidato_munzona/votacao_candidato_munzona_2018.zip#leiame.pdf,204213,274fdb2018b0a4525067ecc7ba7ad98939d2211241e3fe9ed655dd93643a32a225f0d7843e14de0d16f6b955757128e0e6eb9e004ca58ea8b1a25857f02f08e4,CRC do zip,2026-10-05T01:06:52
tse/totais_oficiais/2018/votacao_candidato_munzona_2018_BR.csv,https://cdn.tse.jus.br/estatistica/sead/odsele/votacao_candidato_munzona/votacao_candidato_munzona_2018.zip#votacao_candidato_munzona_2018_BR.csv,42188397,e4ed952929464d6fc6f1161f9f07bd49870765cfec01caf306547b59359dfd784bad3c3d89a2fd7043a67bbe05d86fdbe574a21ba215ff83711c3ffde12fba01,CRC do zip,2026-10-05T01:06:52
tse/totais_oficiais/2022/leiame.pdf,https://cdn.tse.jus.br/estatistica/sead/odsele/votacao_candidato_munzona/votacao_candidato_munzona_2022.zip#leiame.pdf,346768,7c34a4182708b1c5f02cf5f05b56502fcf542542b0f6d8da64fd5ca01b3e73c314fe6a94ced37996df490bd546d2c249f178aeffe113ac4a821ab039b7e7fc00,CRC do zip,2026-10-05T01:06:46
tse/totais_oficiais/2022/votacao_candidato_munzona_2022_BR.csv,https://cdn.tse.jus.br/estatistica/sead/odsele/votacao_candidato_munzona/votacao_candidato_munzona_2022.zip#votacao_candidato_munzona_2022_BR.csv,38289147,5d355caf19ad6930a2c9ac1d70d0ed384879dcf73e587c539d579ac54daa212491bb21f507eeb8cd44873c6a368e8e661d5689611529533ae7e63ba0ada80962,CRC do zip,2026-10-05T01:06:45
tse/totais_oficiais/2026/leiame.pdf,https://cdn.tse.jus.br/estatistica/sead/odsele/votacao_candidato_munzona/votacao_candidato_munzona_2026.zip#leiame.pdf,346768,7c34a4182708b1c5f02cf5f05b56502fcf542542b0f6d8da64fd5ca01b3e73c314fe6a94ced37996df490bd546d2c249f178aeffe113ac4a821ab039b7e7fc00,CRC do zip,2026-10-05T19:19:01
tse/totais_oficiais/2026/votacao_candidato_munzona_2026_BR.csv,https://cdn.tse.jus.br/estatistica/sead/odsele/votacao_candidato_munzona/votacao_candidato_munzona_2026.zip#votacao_candidato_munzona_2026_BR.csv,33579378,5da8dc0cdfb12238d81f451862998fbeec4d987dba6b7590c13ba5f54fb672aa74a26004ac340decb93facc1133288e0daf2452326a4c7ef738f76582eff8d14,CRC do zip,2026-10-07T17:40:23
tse/votacao_secao/2026/votacao_secao_2026_BR.zip,https://cdn.tse.jus.br/estatistica/sead/odsele/votacao_secao/votacao_secao_2026_BR.zip,51107735,a66bbc0af0d5beeb081dad009110a26aec3cdb26d70f6b045adf94e0971d30bca3fa428210a2119d595307fac265fb8b23f55c48c79d0a5eafc1acc81a226dc5,tamanho,2026-10-05T19:19:04
wikipedia/pesquisas_presidente_2018.html,https://pt.wikipedia.org/w/index.php?oldid=73055947,530513,ef8daff702d1e26a5235f946c6ddd75aa1781a920c48b8d9656181c41c5bdc47e13de873a0ca088d8e4285864533d023babbe886492bfccc69f160ac34a3812f,revisão da Wikipedia,2026-10-05T14:51:46
wikipedia/pesquisas_presidente_2022.html,https://pt.wikipedia.org/w/index.php?oldid=73055949,2192110,bbabe1393d11e3b707ccff9246f9a393b6acad74ed21d46fb4d8bab4d5114114d78cd731424ed9a5ab9d1607359c9e166e1a8959e4dcd4882563ec6f850c2e8e,revisão da Wikipedia,2026-10-05T14:52:03
wikipedia/pesquisas_presidente_2026.html,https://pt.wikipedia.org/w/index.php?oldid=73162040,1986643,a65e323a1cbcf590dce62c19d80d96033b1b3dc5fc67431d83f6ad865e68b185960730937d33f90b1e4be4059ac867e71d56711df69a15ecf3a957e98b211d94,revisão da Wikipedia,2026-10-09T12:17:01
