horario;boletins_recebidos;pct_recebidos_Brasil;pct_recebidos_Norte;pct_recebidos_Nordeste;pct_recebidos_Centro-Oeste;pct_recebidos_Sudeste;pct_recebidos_Sul;pct_recebidos_Exterior;votos_estimados_22_Flavio Bolsonaro;pct_validos_estimado_22_Flavio Bolsonaro;votos_estimados_13_Lula;pct_validos_estimado_13_Lula;votos_estimados_70_Escritor Augusto Cury;pct_validos_estimado_70_Escritor Augusto Cury;votos_estimados_55_Ronaldo Caiado;pct_validos_estimado_55_Ronaldo Caiado;votos_estimados_14_Renan Santos;pct_validos_estimado_14_Renan Santos;votos_estimados_30_Zema;pct_validos_estimado_30_Zema;votos_estimados_80_Samara;pct_validos_estimado_80_Samara;votos_estimados_16_Hertz Dias;pct_validos_estimado_16_Hertz Dias;votos_estimados_27_Clariana Barao;pct_validos_estimado_27_Clariana Barao;votos_estimados_21_Edmilson Costa;pct_validos_estimado_21_Edmilson Costa;votos_estimados_35_Veterinário Wilson Grassi;pct_validos_estimado_35_Veterinário Wilson Grassi;votos_estimados_29_Rui Costa Pimenta;pct_validos_estimado_29_Rui Costa Pimenta
04/10/2026 17:00;776;0,155;0,000;0,000;0,000;0,000;0,000;57,439;79933;;112272;;6904;;3013;;5959;;2096;;838;;288;;668;;323;;243;;139;
04/10/2026 17:01;776;0,155;0,000;0,000;0,000;0,000;0,000;57,439;79933;;112272;;6904;;3013;;5959;;2096;;838;;288;;668;;323;;243;;139;
04/10/2026 17:02;776;0,155;0,000;0,000;0,000;0,000;0,000;57,439;79933;;112272;;6904;;3013;;5959;;2096;;838;;288;;668;;323;;243;;139;
04/10/2026 17:03;776;0,155;0,000;0,000;0,000;0,000;0,000;57,439;79933;;112272;;6904;;3013;;5959;;2096;;838;;288;;668;;323;;243;;139;
04/10/2026 17:04;780;0,156;0,009;0,000;0,000;0,000;0,000;57,439;80326;;112565;;6912;;3018;;5964;;2096;;838;;288;;668;;323;;243;;139;
04/10/2026 17:05;783;0,157;0,011;0,000;0,003;0,000;0,001;57,439;80695;;112830;;6926;;3023;;5970;;2096;;838;;288;;668;;323;;243;;139;
04/10/2026 17:06;800;0,160;0,030;0,002;0,008;0,001;0,003;57,439;82625;;114333;;7022;;3076;;6030;;2105;;841;;289;;669;;324;;244;;140;
04/10/2026 17:07;828;0,166;0,073;0,003;0,016;0,002;0,008;57,439;85602;;117030;;7175;;3160;;6127;;2113;;845;;290;;671;;324;;244;;140;
04/10/2026 17:08;904;0,181;0,164;0,009;0,032;0,003;0,033;57,439;94409;;124364;;7682;;3499;;6501;;2147;;862;;295;;678;;327;;246;;143;
04/10/2026 17:09;1043;0,209;0,279;0,016;0,084;0,006;0,108;57,439;112364;;136494;;8694;;4252;;7261;;2229;;896;;305;;691;;333;;251;;147;
04/10/2026 17:10;1315;0,263;0,505;0,037;0,171;0,009;0,254;57,439;145797;;162074;;10610;;5734;;8803;;2375;;964;;326;;716;;345;;261;;156;
04/10/2026 17:11;1668;0,334;0,793;0,067;0,279;0,019;0,424;57,439;188417;;197356;;13267;;7715;;10887;;2611;;1062;;357;;751;;361;;275;;169;
04/10/2026 17:12;2147;0,430;1,136;0,108;0,418;0,037;0,676;57,439;248323;;244159;;16924;;10542;;13841;;2978;;1199;;401;;795;;384;;292;;188;
04/10/2026 17:13;2736;0,548;1,524;0,160;0,649;0,065;0,954;57,439;320786;;302744;;21388;;13912;;17450;;3415;;1373;;454;;855;;411;;315;;210;
04/10/2026 17:14;3184;0,638;1,841;0,200;0,820;0,093;1,139;57,439;376057;;347570;;24778;;16481;;20156;;3787;;1505;;495;;899;;432;;331;;227;
04/10/2026 17:15;3627;0,726;2,161;0,232;0,996;0,106;1,365;57,439;433234;;389559;;28175;;19118;;22860;;4093;;1629;;534;;945;;452;;348;;244;
04/10/2026 17:16;4091;0,819;2,467;0,268;1,175;0,128;1,596;57,439;492193;;434340;;31758;;21733;;25691;;4475;;1769;;578;;991;;474;;366;;261;
04/10/2026 17:17;4561;0,914;2,783;0,304;1,377;0,157;1,798;57,439;552686;;480720;;35559;;24576;;28734;;4926;;1926;;628;;1042;;496;;385;;281;
04/10/2026 17:18;5010;1,004;3,048;0,349;1,661;0,176;1,970;57,439;609386;49,024;525412;42,268;39030;3,140;27368;2,202;31523;2,536;5280;0,425;2061;0,166;671;0,054;1093;0,088;517;0,042;403;0,032;299;0,024
04/10/2026 17:19;5483;1,098;3,299;0,400;1,853;0,201;2,202;57,439;669599;49,203;572589;42,075;42828;3,147;30256;2,223;34581;2,541;5681;0,417;2212;0,163;717;0,053;1145;0,084;540;0,040;422;0,031;320;0,023
04/10/2026 17:20;5943;1,190;3,569;0,449;2,058;0,221;2,413;57,513;726346;49,277;618978;41,993;46379;3,146;33154;2,249;37466;2,542;6052;0,411;2348;0,159;761;0,052;1190;0,081;561;0,038;440;0,030;338;0,023
04/10/2026 17:21;6399;1,282;3,868;0,498;2,268;0,245;2,593;57,513;782469;49,300;666045;41,965;49967;3,148;35954;2,265;40333;2,541;6439;0,406;2491;0,157;807;0,051;1238;0,078;583;0,037;459;0,029;356;0,022
04/10/2026 17:22;6844;1,371;4,133;0,539;2,497;0,267;2,786;57,513;837913;49,385;710613;41,882;53346;3,144;38740;2,283;43099;2,540;6773;0,399;2625;0,155;851;0,050;1284;0,076;604;0,036;477;0,028;373;0,022
04/10/2026 17:23;7287;1,460;4,368;0,577;2,668;0,299;3,004;57,513;893425;49,461;755300;41,815;56820;3,146;41305;2,287;45823;2,537;7145;0,396;2757;0,153;891;0,049;1331;0,074;624;0,035;495;0,027;391;0,022
04/10/2026 17:24;7749;1,552;4,681;0,633;2,823;0,320;3,205;57,513;949861;49,488;802522;41,812;60359;3,145;43837;2,284;48539;2,529;7470;0,389;2891;0,151;933;0,049;1382;0,072;645;0,034;512;0,027;408;0,021
04/10/2026 17:25;8212;1,645;4,990;0,694;3,028;0,342;3,370;57,513;1006158;49,464;851231;41,847;63958;3,144;46518;2,287;51374;2,526;7827;0,385;3033;0,149;977;0,048;1432;0,070;665;0,033;530;0,026;425;0,021
04/10/2026 17:26;8656;1,734;5,266;0,756;3,175;0,371;3,537;57,513;1058936;49,427;897807;41,906;67286;3,141;48975;2,286;53911;2,516;8170;0,381;3158;0,147;1018;0,048;1476;0,069;685;0,032;546;0,025;441;0,021
04/10/2026 17:27;9556;1,914;5,755;0,871;3,582;0,412;3,933;57,513;1169008;49,535;987112;41,827;73913;3,132;54252;2,299;59036;2,502;8825;0,374;3399;0,144;1096;0,046;1561;0,066;723;0,031;578;0,024;473;0,020
04/10/2026 17:28;10503;2,104;6,203;0,976;4,279;0,458;4,275;57,513;1287778;49,656;1081600;41,706;80991;3,123;60368;2,328;64709;2,495;9536;0,368;3676;0,142;1184;0,046;1667;0,064;765;0,030;615;0,024;509;0,020
04/10/2026 17:29;11442;2,292;6,628;1,086;4,812;0,520;4,646;57,513;1406443;49,762;1175460;41,589;88233;3,122;66377;2,348;70491;2,494;10332;0,366;3961;0,140;1276;0,045;1771;0,063;807;0,029;652;0,023;547;0,019
04/10/2026 17:30;12382;2,480;7,060;1,194;5,186;0,566;5,146;57,809;1520271;49,777;1270406;41,596;95092;3,114;71566;2,343;76087;2,491;11122;0,364;4249;0,139;1366;0,045;1863;0,061;851;0,028;686;0,022;587;0,019
04/10/2026 17:31;13241;2,652;7,460;1,282;5,514;0,612;5,621;57,809;1625874;49,808;1356921;41,569;101572;3,112;76566;2,346;81325;2,491;11841;0,363;4519;0,138;1451;0,044;1951;0,060;891;0,027;719;0,022;622;0,019
04/10/2026 17:32;14135;2,831;7,859;1,378;6,171;0,659;5,950;57,809;1737787;49,900;1444358;41,475;108210;3,107;82443;2,367;86544;2,485;12479;0,358;4774;0,137;1532;0,044;2053;0,059;930;0,027;752;0,022;655;0,019
04/10/2026 17:33;15994;3,204;8,792;1,632;7,083;0,755;6,718;57,809;1966883;49,994;1629675;41,423;121803;3,096;93340;2,372;97052;2,467;13786;0,350;5270;0,134;1687;0,043;2233;0,057;1008;0,026;819;0,021;718;0,018
04/10/2026 17:34;17401;3,485;9,456;1,838;7,824;0,845;7,217;57,809;2136625;50,016;1769952;41,433;131949;3,089;101254;2,370;104781;2,453;14791;0,346;5643;0,132;1805;0,042;2370;0,055;1068;0,025;869;0,020;763;0,018
04/10/2026 17:35;18798;3,765;10,258;1,983;8,537;0,957;7,696;57,883;2309417;50,093;1907592;41,377;142200;3,084;109208;2,369;112626;2,443;15891;0,345;6024;0,131;1925;0,042;2507;0,054;1125;0,024;922;0,020;812;0,018
04/10/2026 17:36;20207;4,047;10,953;2,174;9,204;1,045;8,252;57,883;2480781;50,123;2047731;41,373;152226;3,076;117396;2,372;120359;2,432;16857;0,341;6384;0,129;2042;0,041;2639;0,053;1185;0,024;973;0,020;858;0,017
04/10/2026 17:37;21606;4,328;11,673;2,353;9,998;1,131;8,745;57,883;2651533;50,170;2185178;41,346;162034;3,066;125842;2,381;127875;2,420;17796;0,337;6728;0,127;2159;0,041;2768;0,052;1241;0,023;1021;0,019;901;0,017
04/10/2026 17:38;23016;4,610;12,200;2,568;10,702;1,235;9,298;57,883;2825446;50,219;2324750;41,320;171935;3,056;134078;2,383;135642;2,411;18785;0,334;7087;0,126;2277;0,040;2900;0,052;1298;0,023;1068;0,019;948;0,017
04/10/2026 17:39;25372;5,082;13,110;2,892;11,704;1,434;10,291;57,883;3109003;50,256;2556556;41,326;188518;3,047;147018;2,376;148167;2,395;20329;0,329;7646;0,124;2460;0,040;3104;0,050;1391;0,022;1143;0,018;1023;0,017
04/10/2026 17:40;27261;5,460;13,797;3,178;12,689;1,568;11,039;57,883;3338112;50,295;2741441;41,305;201809;3,041;158059;2,381;158399;2,387;21533;0,324;8104;0,122;2609;0,039;3281;0,049;1471;0,022;1208;0,018;1083;0,016
04/10/2026 17:41;29104;5,830;14,547;3,418;13,451;1,729;11,817;57,883;3564486;50,360;2919724;41,251;214985;3,037;169055;2,388;168315;2,378;22704;0,321;8562;0,121;2759;0,039;3445;0,049;1546;0,022;1269;0,018;1139;0,016
04/10/2026 17:42;30993;6,208;15,401;3,678;14,545;1,858;12,470;57,883;3793235;50,389;3104614;41,242;228049;3,029;180145;2,393;178271;2,368;23814;0,316;9032;0,120;2913;0,039;3620;0,048;1622;0,022;1331;0,018;1198;0,016
04/10/2026 17:43;32905;6,591;16,073;3,943;15,467;2,069;13,115;57,883;4024442;50,426;3290211;41,226;241418;3,025;190901;2,392;188201;2,358;25121;0,315;9473;0,119;3059;0,038;3787;0,047;1699;0,021;1392;0,017;1254;0,016
04/10/2026 17:44;34795;6,969;16,820;4,182;16,222;2,254;13,897;57,957;4252559;50,475;3471908;41,209;254289;3,018;200558;2,380;197929;2,349;26305;0,312;9899;0,117;3201;0,038;3953;0,047;1775;0,021;1455;0,017;1310;0,016
04/10/2026 17:45;36672;7,345;17,448;4,494;17,057;2,433;14,564;57,957;4474749;50,458;3658215;41,250;266965;3,010;210900;2,378;207478;2,340;27506;0,310;10315;0,116;3342;0,038;4107;0,046;1848;0,021;1514;0,017;1363;0,015
04/10/2026 17:46;38587;7,729;18,143;4,758;18,101;2,639;15,154;57,957;4703594;50,452;3846595;41,260;280236;3,006;222480;2,386;217598;2,334;28839;0,309;10782;0,116;3491;0,037;4278;0,046;1927;0,021;1575;0,017;1426;0,015
04/10/2026 17:47;40942;8,201;18,981;5,130;19,105;2,864;16,017;58,031;4985104;50,434;4082008;41,298;296755;3,002;235339;2,381;230026;2,327;30440;0,308;11342;0,115;3675;0,037;4491;0,045;2027;0,021;1650;0,017;1500;0,015
04/10/2026 17:48;43333;8,680;19,699;5,556;20,203;3,085;16,866;58,105;5267085;50,413;4319695;41,345;312712;2,993;248544;2,379;242113;2,317;31874;0,305;11863;0,114;3854;0,037;4686;0,045;2121;0,020;1723;0,016;1567;0,015
04/10/2026 17:49;45672;9,148;20,531;5,899;21,215;3,332;17,705;58,179;5546568;50,439;4545074;41,331;328525;2,987;262356;2,386;254044;2,310;33193;0,302;12374;0,113;4031;0,037;4883;0,044;2213;0,020;1797;0,016;1636;0,015
04/10/2026 17:50;48018;9,618;21,310;6,242;22,235;3,574;18,595;58,179;5830973;50,484;4769655;41,296;344298;2,981;276196;2,391;266278;2,305;34556;0,299;12914;0,112;4216;0,037;5084;0,044;2308;0,020;1869;0,016;1711;0,015
04/10/2026 17:51;50435;10,102;22,032;6,561;23,310;3,877;19,465;58,179;6124803;50,559;4995101;41,234;360684;2,977;289492;2,390;278813;2,302;35989;0,297;13457;0,111;4396;0,036;5299;0,044;2405;0,020;1944;0,016;1782;0,015
04/10/2026 17:52;53781;10,772;22,993;7,072;24,719;4,300;20,589;58,179;6523078;50,573;5317993;41,230;383823;2,976;308278;2,390;295973;2,295;38222;0,296;14199;0,110;4660;0,036;5577;0,043;2537;0,020;2045;0,016;1875;0,015
04/10/2026 17:53;56610;11,339;23,791;7,516;25,762;4,631;21,680;58,179;6856994;50,593;5588624;41,235;402340;2,969;323049;2,384;310108;2,288;39858;0,294;14781;0,109;4863;0,036;5794;0,043;2643;0,020;2127;0,016;1951;0,014
04/10/2026 17:54;59372;11,892;24,479;7,969;26,982;4,953;22,659;58,179;7184274;50,608;5854822;41,243;420300;2,961;337901;2,380;323798;2,281;41316;0,291;15334;0,108;5050;0,036;6016;0,042;2749;0,019;2205;0,016;2027;0,014
04/10/2026 17:55;62360;12,491;25,340;8,455;27,962;5,390;23,581;58,179;7531389;50,553;6154049;41,308;440851;2,959;354537;2,380;339121;2,276;43110;0,289;15994;0,107;5279;0,035;6260;0,042;2870;0,019;2299;0,015;2113;0,014
04/10/2026 17:56;65209;13,061;26,066;8,885;29,124;5,754;24,613;58,179;7873046;50,586;6426119;41,289;460050;2,956;369984;2,377;353594;2,272;44716;0,287;16608;0,107;5493;0,035;6488;0,042;2987;0,019;2384;0,015;2194;0,014
04/10/2026 17:57;67980;13,616;26,775;9,363;30,057;6,138;25,521;58,179;8202823;50,609;6691229;41,283;478396;2,952;384428;2,372;367543;2,268;46289;0,286;17194;0,106;5697;0,035;6703;0,041;3100;0,019;2469;0,015;2271;0,014
04/10/2026 17:58;70885;14,198;27,462;9,816;31,169;6,548;26,506;58,253;8546884;50,624;6970091;41,284;497363;2,946;400118;2,370;382032;2,263;47968;0,284;17804;0,105;5903;0,035;6933;0,041;3218;0,019;2555;0,015;2348;0,014
04/10/2026 17:59;73729;14,768;28,136;10,300;32,225;6,928;27,457;58,771;8879083;50,600;7251094;41,322;516075;2,941;415576;2,368;396209;2,258;49612;0,283;18403;0,105;6108;0,035;7150;0,041;3328;0,019;2643;0,015;2425;0,014
04/10/2026 18:00;76612;15,345;28,819;10,815;33,132;7,343;28,384;58,993;9209154;50,553;7538178;41,380;535777;2,941;430539;2,363;410600;2,254;51317;0,282;19007;0,104;6321;0,035;7376;0,040;3443;0,019;2729;0,015;2506;0,014
04/10/2026 18:01;76612;15,345;28,819;10,815;33,132;7,343;28,384;58,993;9209154;50,553;7538178;41,380;535777;2,941;430539;2,363;410600;2,254;51317;0,282;19007;0,104;6321;0,035;7376;0,040;3443;0,019;2729;0,015;2506;0,014
04/10/2026 18:02;76612;15,345;28,819;10,815;33,132;7,343;28,384;58,993;9209154;50,553;7538178;41,380;535777;2,941;430539;2,363;410600;2,254;51317;0,282;19007;0,104;6321;0,035;7376;0,040;3443;0,019;2729;0,015;2506;0,014
04/10/2026 18:03;76612;15,345;28,819;10,815;33,132;7,343;28,384;58,993;9209154;50,553;7538178;41,380;535777;2,941;430539;2,363;410600;2,254;51317;0,282;19007;0,104;6321;0,035;7376;0,040;3443;0,019;2729;0,015;2506;0,014
04/10/2026 18:04;76612;15,345;28,819;10,815;33,132;7,343;28,384;58,993;9209154;50,553;7538178;41,380;535777;2,941;430539;2,363;410600;2,254;51317;0,282;19007;0,104;6321;0,035;7376;0,040;3443;0,019;2729;0,015;2506;0,014
04/10/2026 18:05;76612;15,345;28,819;10,815;33,132;7,343;28,384;58,993;9209154;50,553;7538178;41,380;535777;2,941;430539;2,363;410600;2,254;51317;0,282;19007;0,104;6321;0,035;7376;0,040;3443;0,019;2729;0,015;2506;0,014
04/10/2026 18:06;76612;15,345;28,819;10,815;33,132;7,343;28,384;58,993;9209154;50,553;7538178;41,380;535777;2,941;430539;2,363;410600;2,254;51317;0,282;19007;0,104;6321;0,035;7376;0,040;3443;0,019;2729;0,015;2506;0,014
04/10/2026 18:07;76612;15,345;28,819;10,815;33,132;7,343;28,384;58,993;9209154;50,553;7538178;41,380;535777;2,941;430539;2,363;410600;2,254;51317;0,282;19007;0,104;6321;0,035;7376;0,040;3443;0,019;2729;0,015;2506;0,014
04/10/2026 18:08;78494;15,722;29,302;11,123;33,889;7,593;28,997;58,993;9429805;50,556;7718625;41,382;548224;2,939;440758;2,363;420133;2,252;52411;0,281;19407;0,104;6459;0,035;7524;0,040;3520;0,019;2784;0,015;2560;0,014
04/10/2026 18:09;82518;16,528;30,161;11,698;35,492;8,222;30,315;58,993;9911746;50,599;8098523;41,342;575139;2,936;463356;2,365;441016;2,251;54914;0,280;20285;0,104;6766;0,035;7848;0,040;3687;0,019;2905;0,015;2678;0,014
04/10/2026 18:10;88728;17,772;31,632;12,740;37,235;9,126;32,535;58,993;10623401;50,532;8707845;41,420;616315;2,932;497723;2,368;472386;2,247;58374;0,278;21609;0,103;7223;0,034;8309;0,040;3939;0,019;3093;0,015;2854;0,014
04/10/2026 18:11;92606;18,549;32,612;13,392;38,759;9,726;33,550;58,993;11077417;50,520;9085702;41,436;642025;2,928;519954;2,371;492226;2,245;60671;0,277;22475;0,103;7523;0,034;8608;0,039;4098;0,019;3214;0,015;2963;0,014
04/10/2026 18:12;96377;19,304;33,327;14,017;39,989;10,386;34,618;58,993;11522424;50,514;9453875;41,445;667679;2,927;540317;2,369;512282;2,246;63135;0,277;23365;0,102;7846;0,034;8914;0,039;4258;0,019;3336;0,015;3076;0,013
04/10/2026 18:13;101639;20,358;34,470;14,849;41,563;11,308;36,170;58,993;12138359;50,490;9969667;41,469;703280;2,925;570390;2,373;539817;2,245;66392;0,276;24570;0,102;8268;0,034;9325;0,039;4480;0,019;3504;0,015;3235;0,013
04/10/2026 18:14;106178;21,268;35,425;15,633;43,043;12,070;37,426;59,141;12665368;50,456;10417804;41,502;733984;2,924;595670;2,373;563984;2,247;69154;0,275;25630;0,102;8641;0,034;9695;0,039;4674;0,019;3654;0,015;3377;0,013
04/10/2026 18:15;109525;21,938;36,176;16,272;44,134;12,564;38,395;59,215;13042323;50,395;10757855;41,568;756112;2,922;614023;2,373;581246;2,246;71120;0,275;26373;0,102;8906;0,034;9953;0,038;4816;0,019;3756;0,015;3473;0,013
04/10/2026 18:16;114297;22,894;37,303;17,076;45,372;13,392;39,772;59,215;13599614;50,381;11224919;41,584;788506;2,921;640133;2,371;606654;2,247;74067;0,274;27469;0,102;9295;0,034;10347;0,038;5019;0,019;3905;0,014;3614;0,013
04/10/2026 18:17;118211;23,678;38,226;17,744;46,449;14,107;40,751;59,215;14053075;50,356;11611564;41,608;815607;2,923;661225;2,369;627573;2,249;76563;0,274;28399;0,102;9619;0,034;10664;0,038;5193;0,019;4033;0,014;3730;0,013
04/10/2026 18:18;123779;24,793;39,354;18,690;48,034;15,098;42,315;59,215;14701367;50,335;12158291;41,628;852889;2,920;693220;2,373;656821;2,249;79851;0,273;29661;0,102;10063;0,034;11091;0,038;5425;0,019;4202;0,014;3894;0,013
04/10/2026 18:19;127981;25,635;40,165;19,381;49,238;15,857;43,526;59,215;15188066;50,327;12565557;41,637;881080;2,920;716632;2,375;678770;2,249;82427;0,273;30607;0,101;10396;0,034;11403;0,038;5605;0,019;4333;0,014;4020;0,013
04/10/2026 18:20;133095;26,659;41,303;20,230;50,628;16,836;44,780;59,215;15780840;50,315;13063033;41,650;915604;2,919;744452;2,374;705731;2,250;85591;0,273;31784;0,101;10824;0,035;11802;0,038;5826;0,019;4496;0,014;4169;0,013
04/10/2026 18:21;137691;27,580;42,073;20,983;51,566;17,732;46,197;59,215;16322665;50,308;13514313;41,652;947959;2,922;768783;2,369;731429;2,254;88943;0,274;32936;0,102;11231;0,035;12172;0,038;6028;0,019;4655;0,014;4316;0,013
04/10/2026 18:22;141337;28,310;42,711;21,587;52,568;18,388;47,311;59,215;16746955;50,286;13876107;41,665;973572;2,923;790385;2,373;751862;2,258;91454;0,275;33880;0,102;11567;0,035;12466;0,037;6183;0,019;4772;0,014;4436;0,013
04/10/2026 18:23;147731;29,591;43,956;22,670;54,063;19,620;49,045;59,215;17486431;50,252;14509421;41,697;1016867;2,922;826890;2,376;785928;2,259;95421;0,274;35348;0,102;12094;0,035;12957;0,037;6446;0,019;4976;0,014;4624;0,013
04/10/2026 18:24;152738;30,594;44,968;23,510;54,986;20,676;50,274;59,215;18065435;50,236;15001449;41,716;1050893;2,922;853123;2,372;812349;2,259;98769;0,275;36522;0,102;12501;0,035;13336;0,037;6661;0,019;5134;0,014;4775;0,013
04/10/2026 18:25;157287;31,505;45,832;24,276;56,011;21,579;51,480;59,215;18592444;50,219;15449673;41,730;1082258;2,923;878511;2,373;837201;2,261;101707;0,275;37629;0,102;12889;0,035;13695;0,037;6856;0,019;5283;0,014;4912;0,013
04/10/2026 18:26;161289;32,306;46,387;24,960;56,960;22,394;52,561;59,215;19059286;50,205;15845621;41,739;1109895;2,924;901388;2,374;859437;2,264;104316;0,275;38592;0,102;13238;0,035;14006;0,037;7034;0,019;5415;0,014;5038;0,013
04/10/2026 18:27;166819;33,414;47,403;25,778;58,282;23,562;54,028;59,215;19709818;50,206;16383485;41,733;1147973;2,924;932589;2,376;889837;2,267;107943;0,275;39947;0,102;13723;0,035;14440;0,037;7274;0,019;5598;0,014;5211;0,013
04/10/2026 18:28;171638;34,379;48,404;26,484;59,533;24,550;55,280;59,215;20273460;50,195;16857347;41,737;1181258;2,925;960810;2,379;916321;2,269;111211;0,275;41160;0,102;14156;0,035;14822;0,037;7481;0,019;5758;0,014;5360;0,013
04/10/2026 18:29;177257;35,505;49,423;27,399;60,786;25,755;56,610;59,215;20927823;50,173;17416834;41,756;1220572;2,926;991313;2,377;947726;2,272;115095;0,276;42587;0,102;14669;0,035;15272;0,037;7731;0,019;5952;0,014;5539;0,013
04/10/2026 18:30;180517;36,158;50,061;27,915;61,559;26,424;57,444;59,215;21314537;50,171;17739249;41,755;1243575;2,927;1009337;2,376;966161;2,274;117371;0,276;43422;0,102;14964;0,035;15542;0,037;7876;0,019;6063;0,014;5641;0,013
04/10/2026 18:31;186875;37,431;51,210;28,869;62,868;27,856;58,977;59,215;22056731;50,154;18367266;41,765;1288384;2,930;1044698;2,376;1001993;2,278;121838;0,277;45090;0,103;15553;0,035;16054;0,037;8161;0,019;6281;0,014;5846;0,013
04/10/2026 18:32;191668;38,391;51,865;29,666;63,885;28,944;60,068;59,215;22603629;50,120;18847934;41,793;1321742;2,931;1071887;2,377;1028647;2,281;125201;0,278;46332;0,103;16002;0,035;16434;0,036;8380;0,019;6448;0,014;6003;0,013
04/10/2026 18:33;195962;39,251;52,535;30,454;64,742;29,862;61,036;59,289;23093604;50,093;19279628;41,820;1351046;2,931;1095200;2,376;1051779;2,281;128082;0,278;47387;0,103;16377;0,036;16765;0,036;8566;0,019;6590;0,014;6133;0,013
04/10/2026 18:34;200380;40,136;53,234;31,166;65,688;30,884;61,969;59,289;23602931;50,079;19716253;41,832;1381199;2,931;1120190;2,377;1075875;2,283;131009;0,278;48488;0,103;16768;0,036;17100;0,036;8758;0,019;6742;0,014;6268;0,013
04/10/2026 18:35;204951;41,052;53,830;31,947;66,548;31,972;62,901;59,363;24118351;50,038;20180846;41,869;1413019;2,932;1145932;2,377;1101486;2,285;134191;0,278;49692;0,103;17202;0,036;17454;0,036;8969;0,019;6905;0,014;6417;0,013
04/10/2026 18:36;210344;42,132;54,641;32,881;67,670;33,202;64,007;59,363;24737438;50,012;20720237;41,891;1450502;2,933;1176041;2,378;1131250;2,287;137903;0,279;51030;0,103;17675;0,036;17864;0,036;9206;0,019;7086;0,014;6581;0,013
04/10/2026 18:37;216167;43,299;55,670;33,875;68,742;34,524;65,227;59,363;25408504;49,984;21308318;41,918;1491390;2,934;1207163;2,375;1163689;2,289;141955;0,279;52510;0,103;18203;0,036;18326;0,036;9471;0,019;7280;0,014;6766;0,013
04/10/2026 18:38;220053;44,077;56,321;34,519;69,341;35,465;65,997;59,363;25853848;49,963;21700566;41,937;1518896;2,935;1227401;2,372;1185653;2,291;144733;0,280;53527;0,103;18574;0,036;18631;0,036;9645;0,019;7413;0,014;6890;0,013
04/10/2026 18:39;225726;45,213;57,335;35,420;70,214;36,841;67,150;59,437;26503758;49,940;22265188;41,953;1559144;2,938;1258317;2,371;1218415;2,296;148674;0,280;55044;0,104;19122;0,036;19073;0,036;9905;0,019;7613;0,014;7068;0,013
04/10/2026 18:40;230867;46,243;58,119;36,219;71,129;38,060;68,320;59,585;27093225;49,915;22782086;41,972;1595677;2,940;1286704;2,371;1247970;2,299;152295;0,281;56409;0,104;19615;0,036;19493;0,036;10137;0,019;7793;0,014;7229;0,013
04/10/2026 18:41;234661;47,003;58,690;36,748;71,754;39,040;69,108;59,882;27532334;49,903;23160274;41,979;1623278;2,942;1307358;2,370;1269859;2,302;155291;0,281;57441;0,104;19987;0,036;19815;0,036;10310;0,019;7929;0,014;7352;0,013
04/10/2026 18:42;240463;48,165;59,805;37,716;72,608;40,441;70,188;59,882;28196652;49,873;23749926;42,008;1664734;2,945;1337224;2,365;1302629;2,304;159380;0,282;58957;0,104;20522;0,036;20288;0,036;10581;0,019;8133;0,014;7538;0,013
04/10/2026 18:43;245343;49,143;60,627;38,514;73,462;41,593;71,203;59,882;28760225;49,858;24239706;42,021;1698853;2,945;1364014;2,365;1330355;2,306;162870;0,282;60235;0,104;20976;0,036;20677;0,036;10806;0,019;8300;0,014;7690;0,013
04/10/2026 18:44;250356;50,147;61,340;39,256;74,459;42,832;72,254;59,882;29342905;49,849;24736564;42,023;1734138;2,946;1393238;2,367;1359099;2,309;166569;0,283;61561;0,105;21450;0,036;21086;0,036;11042;0,019;8479;0,014;7845;0,013
04/10/2026 18:45;254321;50,941;61,964;39,931;75,126;43,809;72,953;59,882;29796763;49,830;25138135;42,039;1762321;2,947;1415440;2,367;1381484;2,310;169352;0,283;62590;0,105;21822;0,036;21403;0,036;11226;0,019;8618;0,014;7966;0,013
04/10/2026 18:46;260115;52,101;62,917;41,005;76,072;45,149;74,039;59,882;30449562;49,780;25743696;42,087;1803444;2,948;1447086;2,366;1414443;2,312;173408;0,283;64111;0,105;22381;0,037;21850;0,036;11494;0,019;8823;0,014;8151;0,013
04/10/2026 18:47;264870;53,054;63,716;41,838;76,969;46,223;75,020;59,882;30990762;49,758;26226306;42,108;1836471;2,949;1471925;2,363;1441093;2,314;176853;0,284;65341;0,105;22819;0,037;22230;0,036;11710;0,019;8982;0,014;8301;0,013
04/10/2026 18:48;269113;53,904;64,493;42,633;77,521;47,203;75,829;59,882;31470880;49,734;26662416;42,135;1866094;2,949;1493917;2,361;1464284;2,314;179757;0,284;66405;0,105;23196;0,037;22562;0,036;11902;0,019;9120;0,014;8433;0,013
04/10/2026 18:49;272135;54,509;65,007;43,195;77,865;47,943;76,344;59,882;31815660;49,719;26971864;42,150;1887644;2,950;1509312;2,359;1480848;2,314;181844;0,284;67166;0,105;23474;0,037;22797;0,036;12039;0,019;9219;0,014;8523;0,013
04/10/2026 18:50;272135;54,509;65,007;43,195;77,865;47,943;76,344;59,882;31815660;49,719;26971864;42,150;1887644;2,950;1509312;2,359;1480848;2,314;181844;0,284;67166;0,105;23474;0,037;22797;0,036;12039;0,019;9219;0,014;8523;0,013
04/10/2026 18:51;272135;54,509;65,007;43,195;77,865;47,943;76,344;59,882;31815660;49,719;26971864;42,150;1887644;2,950;1509312;2,359;1480848;2,314;181844;0,284;67166;0,105;23474;0,037;22797;0,036;12039;0,019;9219;0,014;8523;0,013
04/10/2026 18:52;272135;54,509;65,007;43,195;77,865;47,943;76,344;59,882;31815660;49,719;26971864;42,150;1887644;2,950;1509312;2,359;1480848;2,314;181844;0,284;67166;0,105;23474;0,037;22797;0,036;12039;0,019;9219;0,014;8523;0,013
04/10/2026 18:53;272135;54,509;65,007;43,195;77,865;47,943;76,344;59,882;31815660;49,719;26971864;42,150;1887644;2,950;1509312;2,359;1480848;2,314;181844;0,284;67166;0,105;23474;0,037;22797;0,036;12039;0,019;9219;0,014;8523;0,013
04/10/2026 18:54;278670;55,818;65,999;44,358;78,885;49,553;77,459;59,882;32551660;49,681;27642479;42,188;1933117;2,950;1544146;2,357;1516967;2,315;186432;0,285;68856;0,105;24083;0,037;23304;0,036;12335;0,019;9446;0,014;8730;0,013
04/10/2026 18:55;284637;57,013;66,808;45,458;79,718;51,027;78,502;59,882;33215696;49,631;28264672;42,233;1976270;2,953;1575164;2,354;1552011;2,319;190764;0,285;70512;0,105;24687;0,037;23797;0,036;12625;0,019;9671;0,014;8930;0,013
04/10/2026 18:56;288325;57,752;67,386;46,166;80,238;51,864;79,249;59,882;33633187;49,614;28642934;42,252;2001636;2,953;1594356;2,352;1572413;2,320;193200;0,285;71459;0,105;25023;0,037;24083;0,036;12794;0,019;9797;0,014;9043;0,013
04/10/2026 18:57;294038;58,896;68,338;47,105;81,066;53,266;80,374;59,882;34292435;49,602;29218327;42,262;2041998;2,954;1624660;2,350;1605135;2,322;197436;0,286;72977;0,106;25573;0,037;24541;0,035;13064;0,019;9999;0,014;9222;0,013
04/10/2026 18:58;299102;59,911;68,887;47,917;81,791;54,616;81,293;59,882;34867948;49,577;29735995;42,280;2078962;2,956;1652656;2,350;1635235;2,325;201476;0,286;74421;0,106;26089;0,037;24968;0,036;13317;0,019;10189;0,014;9388;0,013
04/10/2026 18:59;302850;60,661;69,405;48,585;82,259;55,545;82,005;59,882;35294301;49,558;30124454;42,299;2105640;2,957;1672598;2,349;1656492;2,326;204321;0,287;75419;0,106;26440;0,037;25271;0,035;13491;0,019;10326;0,014;9512;0,013
04/10/2026 19:00;308355;61,764;70,253;49,547;82,774;56,956;82,998;59,882;35914743;49,531;30690063;42,326;2144450;2,957;1700847;2,346;1687708;2,328;208222;0,287;76894;0,106;26968;0,037;25711;0,035;13742;0,019;10521;0,015;9686;0,013
04/10/2026 19:01;313271;62,749;71,041;50,432;83,308;58,216;83,778;59,882;36468590;49,500;31203523;42,354;2180040;2,959;1726734;2,344;1716484;2,330;211831;0,288;78253;0,106;27473;0,037;26110;0,035;13974;0,019;10701;0,015;9849;0,013
04/10/2026 19:02;318197;63,735;71,706;51,266;83,786;59,553;84,556;59,882;37019344;49,467;31718924;42,384;2216129;2,961;1751753;2,341;1745805;2,333;215692;0,288;79660;0,106;27978;0,037;26512;0,035;14206;0,019;10884;0,015;10012;0,013
04/10/2026 19:03;323658;64,829;72,652;52,276;84,543;60,887;85,425;59,882;37634679;49,445;32277269;42,406;2253848;2,961;1780704;2,340;1775960;2,333;219590;0,289;81066;0,107;28475;0,037;26921;0,035;14457;0,019;11076;0,015;10183;0,013
04/10/2026 19:04;328433;65,786;73,470;53,164;85,150;62,069;86,164;59,882;38171662;49,421;32772309;42,430;2287664;2,962;1805484;2,338;1803340;2,335;222914;0,289;82363;0,107;28929;0,037;27294;0,035;14681;0,019;11241;0,015;10338;0,013
04/10/2026 19:05;331689;66,438;74,094;53,780;85,432;62,863;86,711;60,104;38540734;49,404;33114979;42,449;2310891;2,962;1821117;2,334;1822059;2,336;225250;0,289;83243;0,107;29239;0,037;27563;0,035;14829;0,019;11356;0,015;10442;0,013
04/10/2026 19:06;337818;67,665;74,879;55,069;86,083;64,363;87,643;60,104;39224557;49,359;33770991;42,497;2353808;2,962;1852168;2,331;1856155;2,336;229582;0,289;84842;0,107;29815;0,038;28047;0,035;15107;0,019;11572;0,015;10645;0,013
04/10/2026 19:07;343061;68,716;75,492;56,156;86,811;65,671;88,348;60,252;39807419;49,324;34327284;42,534;2390235;2,962;1880082;2,330;1885042;2,336;233370;0,289;86213;0,107;30325;0,038;28448;0,035;15351;0,019;11762;0,015;10816;0,013
04/10/2026 19:08;347956;69,696;76,195;57,105;87,518;66,885;89,058;60,474;40349188;49,292;34841636;42,564;2424105;2,961;1907330;2,330;1911921;2,336;237033;0,290;87503;0,107;30781;0,038;28826;0,035;15579;0,019;11940;0,015;10972;0,013
04/10/2026 19:09;352818;70,670;76,922;58,124;88,055;68,064;89,763;60,474;40868564;49,248;35360157;42,610;2457046;2,961;1932774;2,329;1937953;2,335;240394;0,290;88748;0,107;31208;0,038;29194;0,035;15801;0,019;12109;0,015;11124;0,013
04/10/2026 19:10;357039;71,515;77,546;58,999;88,536;69,119;90,303;60,474;41315733;49,210;35807425;42,649;2485852;2,961;1954631;2,328;1960791;2,335;243405;0,290;89836;0,107;31600;0,038;29516;0,035;15998;0,019;12259;0,015;11257;0,013
04/10/2026 19:11;362652;72,640;78,551;60,131;89,277;70,495;90,995;60,696;41908383;49,163;36396050;42,696;2524131;2,961;1983569;2,327;1991278;2,336;247310;0,290;91311;0,107;32139;0,038;29953;0,035;16251;0,019;12459;0,015;11440;0,013
04/10/2026 19:12;367129;73,536;79,408;61,032;89,802;71,599;91,535;60,770;42366840;49,132;36845732;42,729;2553256;2,961;2004866;2,325;2014588;2,336;250227;0,290;92410;0,107;32539;0,038;30276;0,035;16440;0,019;12610;0,015;11572;0,013
04/10/2026 19:13;371559;74,424;80,027;61,992;90,268;72,730;91,975;61,806;42804029;49,096;37285662;42,766;2581430;2,961;2025044;2,323;2037140;2,337;253142;0,290;93473;0,107;32930;0,038;30582;0,035;16626;0,019;12759;0,015;11702;0,013
04/10/2026 19:14;376868;75,487;80,859;63,171;90,696;74,049;92,579;62,324;43328205;49,052;37816965;42,813;2615752;2,961;2047947;2,319;2064149;2,337;256591;0,290;94744;0,107;33397;0,038;30962;0,035;16850;0,019;12933;0,015;11859;0,013
04/10/2026 19:15;382185;76,552;81,704;64,400;91,266;75,270;93,283;62,990;43825997;49,002;38340022;42,868;2647895;2,961;2070296;2,315;2089216;2,336;259707;0,290;95912;0,107;33827;0,038;31323;0,035;17067;0,019;13092;0,015;12006;0,013
04/10/2026 19:16;385434;77,203;82,229;65,352;91,668;75,825;93,836;62,990;44133805;48,966;38675992;42,911;2667281;2,959;2084167;2,312;2104161;2,335;261395;0,290;96572;0,107;34081;0,038;31529;0,035;17195;0,019;13184;0,015;12092;0,013
04/10/2026 19:17;385703;77,257;82,229;65,513;91,668;75,825;93,896;62,990;44153848;48,957;38710542;42,921;2668746;2,959;2085022;2,312;2105172;2,334;261460;0,290;96607;0,107;34095;0,038;31541;0,035;17205;0,019;13188;0,015;12099;0,013
